filename,true_label,reorganized_filename
testing2.jpg,Nanodomain,testing1.jpg
testing7.jpg,Nanodomain,testing2.jpg
testing8.jpg,Nanodomain,testing3.jpg
testing9.jpg,Nanodomain,testing4.jpg
testing14.jpg,Nanodomain,testing5.jpg
testing15.jpg,Nanodomain,testing6.jpg
testing19.jpg,Nanodomain,testing7.jpg
testing24.jpg,Nanodomain,testing8.jpg
testing26.jpg,Nanodomain,testing9.jpg
testing27.jpg,Nanodomain,testing10.jpg
testing30.jpg,Nanodomain,testing11.jpg
testing31.jpg,Nanodomain,testing12.jpg
testing33.jpg,Nanodomain,testing13.jpg
testing40.jpg,Nanodomain,testing14.jpg
testing49.jpg,Nanodomain,testing15.jpg
testing51.jpg,Nanodomain,testing16.jpg
testing53.jpg,Nanodomain,testing17.jpg
testing57.jpg,Nanodomain,testing18.jpg
testing63.jpg,Nanodomain,testing19.jpg
testing65.jpg,Nanodomain,testing20.jpg
testing68.jpg,Nanodomain,testing21.jpg
testing71.jpg,Nanodomain,testing22.jpg
testing72.jpg,Nanodomain,testing23.jpg
testing75.jpg,Nanodomain,testing24.jpg
testing76.jpg,Nanodomain,testing25.jpg
testing77.jpg,Nanodomain,testing26.jpg
testing79.jpg,Nanodomain,testing27.jpg
testing85.jpg,Nanodomain,testing28.jpg
testing95.jpg,Nanodomain,testing29.jpg
testing97.jpg,Nanodomain,testing30.jpg
testing98.jpg,Nanodomain,testing31.jpg
testing101.jpg,Nanodomain,testing32.jpg
testing102.jpg,Nanodomain,testing33.jpg
testing103.jpg,Nanodomain,testing34.jpg
testing105.jpg,Nanodomain,testing35.jpg
testing107.jpg,Nanodomain,testing36.jpg
testing116.jpg,Nanodomain,testing37.jpg
testing117.jpg,Nanodomain,testing38.jpg
testing119.jpg,Nanodomain,testing39.jpg
testing120.jpg,Nanodomain,testing40.jpg
testing123.jpg,Nanodomain,testing41.jpg
testing124.jpg,Nanodomain,testing42.jpg
testing129.jpg,Nanodomain,testing43.jpg
testing130.jpg,Nanodomain,testing44.jpg
testing131.jpg,Nanodomain,testing45.jpg
testing132.jpg,Nanodomain,testing46.jpg
testing141.jpg,Nanodomain,testing47.jpg
testing144.jpg,Nanodomain,testing48.jpg
testing150.jpg,Nanodomain,testing49.jpg
testing151.jpg,Nanodomain,testing50.jpg
testing154.jpg,Nanodomain,testing51.jpg
testing159.jpg,Nanodomain,testing52.jpg
testing163.jpg,Nanodomain,testing53.jpg
testing166.jpg,Nanodomain,testing54.jpg
testing167.jpg,Nanodomain,testing55.jpg
testing169.jpg,Nanodomain,testing56.jpg
testing170.jpg,Nanodomain,testing57.jpg
testing172.jpg,Nanodomain,testing58.jpg
testing177.jpg,Nanodomain,testing59.jpg
testing181.jpg,Nanodomain,testing60.jpg
testing182.jpg,Nanodomain,testing61.jpg
testing183.jpg,Nanodomain,testing62.jpg
testing185.jpg,Nanodomain,testing63.jpg
testing190.jpg,Nanodomain,testing64.jpg
testing192.jpg,Nanodomain,testing65.jpg
testing193.jpg,Nanodomain,testing66.jpg
testing197.jpg,Nanodomain,testing67.jpg
testing201.jpg,Nanodomain,testing68.jpg
testing211.jpg,Nanodomain,testing69.jpg
testing217.jpg,Nanodomain,testing70.jpg
testing222.jpg,Nanodomain,testing71.jpg
testing226.jpg,Nanodomain,testing72.jpg
testing227.jpg,Nanodomain,testing73.jpg
testing229.jpg,Nanodomain,testing74.jpg
testing231.jpg,Nanodomain,testing75.jpg
testing232.jpg,Nanodomain,testing76.jpg
testing234.jpg,Nanodomain,testing77.jpg
testing235.jpg,Nanodomain,testing78.jpg
testing236.jpg,Nanodomain,testing79.jpg
testing237.jpg,Nanodomain,testing80.jpg
testing245.jpg,Nanodomain,testing81.jpg
testing247.jpg,Nanodomain,testing82.jpg
testing248.jpg,Nanodomain,testing83.jpg
testing250.jpg,Nanodomain,testing84.jpg
testing251.jpg,Nanodomain,testing85.jpg
testing255.jpg,Nanodomain,testing86.jpg
testing257.jpg,Nanodomain,testing87.jpg
testing261.jpg,Nanodomain,testing88.jpg
testing263.jpg,Nanodomain,testing89.jpg
testing264.jpg,Nanodomain,testing90.jpg
testing265.jpg,Nanodomain,testing91.jpg
testing266.jpg,Nanodomain,testing92.jpg
testing269.jpg,Nanodomain,testing93.jpg
testing272.jpg,Nanodomain,testing94.jpg
testing273.jpg,Nanodomain,testing95.jpg
testing275.jpg,Nanodomain,testing96.jpg
testing277.jpg,Nanodomain,testing97.jpg
testing278.jpg,Nanodomain,testing98.jpg
testing281.jpg,Nanodomain,testing99.jpg
testing285.jpg,Nanodomain,testing100.jpg
testing288.jpg,Nanodomain,testing101.jpg
testing298.jpg,Nanodomain,testing102.jpg
testing306.jpg,Nanodomain,testing103.jpg
testing308.jpg,Nanodomain,testing104.jpg
testing311.jpg,Nanodomain,testing105.jpg
testing312.jpg,Nanodomain,testing106.jpg
testing316.jpg,Nanodomain,testing107.jpg
testing317.jpg,Nanodomain,testing108.jpg
testing319.jpg,Nanodomain,testing109.jpg
testing323.jpg,Nanodomain,testing110.jpg
testing331.jpg,Nanodomain,testing111.jpg
testing333.jpg,Nanodomain,testing112.jpg
testing334.jpg,Nanodomain,testing113.jpg
testing336.jpg,Nanodomain,testing114.jpg
testing341.jpg,Nanodomain,testing115.jpg
testing347.jpg,Nanodomain,testing116.jpg
testing349.jpg,Nanodomain,testing117.jpg
testing357.jpg,Nanodomain,testing118.jpg
testing362.jpg,Nanodomain,testing119.jpg
testing364.jpg,Nanodomain,testing120.jpg
testing367.jpg,Nanodomain,testing121.jpg
testing368.jpg,Nanodomain,testing122.jpg
testing369.jpg,Nanodomain,testing123.jpg
testing370.jpg,Nanodomain,testing124.jpg
testing371.jpg,Nanodomain,testing125.jpg
testing372.jpg,Nanodomain,testing126.jpg
testing378.jpg,Nanodomain,testing127.jpg
testing380.jpg,Nanodomain,testing128.jpg
testing381.jpg,Nanodomain,testing129.jpg
testing382.jpg,Nanodomain,testing130.jpg
testing395.jpg,Nanodomain,testing131.jpg
testing396.jpg,Nanodomain,testing132.jpg
testing398.jpg,Nanodomain,testing133.jpg
testing402.jpg,Nanodomain,testing134.jpg
testing403.jpg,Nanodomain,testing135.jpg
testing404.jpg,Nanodomain,testing136.jpg
testing411.jpg,Nanodomain,testing137.jpg
testing417.jpg,Nanodomain,testing138.jpg
testing419.jpg,Nanodomain,testing139.jpg
testing424.jpg,Nanodomain,testing140.jpg
testing430.jpg,Nanodomain,testing141.jpg
testing436.jpg,Nanodomain,testing142.jpg
testing437.jpg,Nanodomain,testing143.jpg
testing439.jpg,Nanodomain,testing144.jpg
testing444.jpg,Nanodomain,testing145.jpg
testing445.jpg,Nanodomain,testing146.jpg
testing446.jpg,Nanodomain,testing147.jpg
testing447.jpg,Nanodomain,testing148.jpg
testing449.jpg,Nanodomain,testing149.jpg
testing452.jpg,Nanodomain,testing150.jpg
testing454.jpg,Nanodomain,testing151.jpg
testing455.jpg,Nanodomain,testing152.jpg
testing469.jpg,Nanodomain,testing153.jpg
testing472.jpg,Nanodomain,testing154.jpg
testing475.jpg,Nanodomain,testing155.jpg
testing476.jpg,Nanodomain,testing156.jpg
testing478.jpg,Nanodomain,testing157.jpg
testing483.jpg,Nanodomain,testing158.jpg
testing485.jpg,Nanodomain,testing159.jpg
testing487.jpg,Nanodomain,testing160.jpg
testing490.jpg,Nanodomain,testing161.jpg
testing493.jpg,Nanodomain,testing162.jpg
testing495.jpg,Nanodomain,testing163.jpg
testing496.jpg,Nanodomain,testing164.jpg
testing497.jpg,Nanodomain,testing165.jpg
testing499.jpg,Nanodomain,testing166.jpg
testing501.jpg,Nanodomain,testing167.jpg
testing505.jpg,Nanodomain,testing168.jpg
testing506.jpg,Nanodomain,testing169.jpg
testing509.jpg,Nanodomain,testing170.jpg
testing510.jpg,Nanodomain,testing171.jpg
testing518.jpg,Nanodomain,testing172.jpg
testing522.jpg,Nanodomain,testing173.jpg
testing525.jpg,Nanodomain,testing174.jpg
testing526.jpg,Nanodomain,testing175.jpg
testing531.jpg,Nanodomain,testing176.jpg
testing541.jpg,Nanodomain,testing177.jpg
testing542.jpg,Nanodomain,testing178.jpg
testing544.jpg,Nanodomain,testing179.jpg
testing545.jpg,Nanodomain,testing180.jpg
testing553.jpg,Nanodomain,testing181.jpg
testing555.jpg,Nanodomain,testing182.jpg
testing556.jpg,Nanodomain,testing183.jpg
testing559.jpg,Nanodomain,testing184.jpg
testing570.jpg,Nanodomain,testing185.jpg
testing574.jpg,Nanodomain,testing186.jpg
testing575.jpg,Nanodomain,testing187.jpg
testing576.jpg,Nanodomain,testing188.jpg
testing579.jpg,Nanodomain,testing189.jpg
testing581.jpg,Nanodomain,testing190.jpg
testing585.jpg,Nanodomain,testing191.jpg
testing586.jpg,Nanodomain,testing192.jpg
testing588.jpg,Nanodomain,testing193.jpg
testing592.jpg,Nanodomain,testing194.jpg
testing596.jpg,Nanodomain,testing195.jpg
testing597.jpg,Nanodomain,testing196.jpg
testing600.jpg,Nanodomain,testing197.jpg
testing607.jpg,Nanodomain,testing198.jpg
testing610.jpg,Nanodomain,testing199.jpg
testing615.jpg,Nanodomain,testing200.jpg
testing619.jpg,Nanodomain,testing201.jpg
testing620.jpg,Nanodomain,testing202.jpg
testing621.jpg,Nanodomain,testing203.jpg
testing623.jpg,Nanodomain,testing204.jpg
testing625.jpg,Nanodomain,testing205.jpg
testing626.jpg,Nanodomain,testing206.jpg
testing633.jpg,Nanodomain,testing207.jpg
testing634.jpg,Nanodomain,testing208.jpg
testing636.jpg,Nanodomain,testing209.jpg
testing641.jpg,Nanodomain,testing210.jpg
testing645.jpg,Nanodomain,testing211.jpg
testing649.jpg,Nanodomain,testing212.jpg
testing650.jpg,Nanodomain,testing213.jpg
testing653.jpg,Nanodomain,testing214.jpg
testing654.jpg,Nanodomain,testing215.jpg
testing655.jpg,Nanodomain,testing216.jpg
testing656.jpg,Nanodomain,testing217.jpg
testing657.jpg,Nanodomain,testing218.jpg
testing658.jpg,Nanodomain,testing219.jpg
testing663.jpg,Nanodomain,testing220.jpg
testing668.jpg,Nanodomain,testing221.jpg
testing669.jpg,Nanodomain,testing222.jpg
testing670.jpg,Nanodomain,testing223.jpg
testing671.jpg,Nanodomain,testing224.jpg
testing678.jpg,Nanodomain,testing225.jpg
testing683.jpg,Nanodomain,testing226.jpg
testing685.jpg,Nanodomain,testing227.jpg
testing688.jpg,Nanodomain,testing228.jpg
testing690.jpg,Nanodomain,testing229.jpg
testing694.jpg,Nanodomain,testing230.jpg
testing695.jpg,Nanodomain,testing231.jpg
testing697.jpg,Nanodomain,testing232.jpg
testing698.jpg,Nanodomain,testing233.jpg
testing699.jpg,Nanodomain,testing234.jpg
testing701.jpg,Nanodomain,testing235.jpg
testing702.jpg,Nanodomain,testing236.jpg
testing706.jpg,Nanodomain,testing237.jpg
testing712.jpg,Nanodomain,testing238.jpg
testing713.jpg,Nanodomain,testing239.jpg
testing729.jpg,Nanodomain,testing240.jpg
testing734.jpg,Nanodomain,testing241.jpg
testing748.jpg,Nanodomain,testing242.jpg
testing749.jpg,Nanodomain,testing243.jpg
testing752.jpg,Nanodomain,testing244.jpg
testing756.jpg,Nanodomain,testing245.jpg
testing762.jpg,Nanodomain,testing246.jpg
testing763.jpg,Nanodomain,testing247.jpg
testing769.jpg,Nanodomain,testing248.jpg
testing772.jpg,Nanodomain,testing249.jpg
testing774.jpg,Nanodomain,testing250.jpg
testing781.jpg,Nanodomain,testing251.jpg
testing786.jpg,Nanodomain,testing252.jpg
testing787.jpg,Nanodomain,testing253.jpg
testing788.jpg,Nanodomain,testing254.jpg
testing789.jpg,Nanodomain,testing255.jpg
testing792.jpg,Nanodomain,testing256.jpg
testing796.jpg,Nanodomain,testing257.jpg
testing799.jpg,Nanodomain,testing258.jpg
testing801.jpg,Nanodomain,testing259.jpg
testing804.jpg,Nanodomain,testing260.jpg
testing805.jpg,Nanodomain,testing261.jpg
testing811.jpg,Nanodomain,testing262.jpg
testing814.jpg,Nanodomain,testing263.jpg
testing816.jpg,Nanodomain,testing264.jpg
testing822.jpg,Nanodomain,testing265.jpg
testing823.jpg,Nanodomain,testing266.jpg
testing824.jpg,Nanodomain,testing267.jpg
testing826.jpg,Nanodomain,testing268.jpg
testing833.jpg,Nanodomain,testing269.jpg
testing835.jpg,Nanodomain,testing270.jpg
testing837.jpg,Nanodomain,testing271.jpg
testing843.jpg,Nanodomain,testing272.jpg
testing844.jpg,Nanodomain,testing273.jpg
testing846.jpg,Nanodomain,testing274.jpg
testing847.jpg,Nanodomain,testing275.jpg
testing850.jpg,Nanodomain,testing276.jpg
testing852.jpg,Nanodomain,testing277.jpg
testing853.jpg,Nanodomain,testing278.jpg
testing855.jpg,Nanodomain,testing279.jpg
testing856.jpg,Nanodomain,testing280.jpg
testing857.jpg,Nanodomain,testing281.jpg
testing861.jpg,Nanodomain,testing282.jpg
testing864.jpg,Nanodomain,testing283.jpg
testing866.jpg,Nanodomain,testing284.jpg
testing868.jpg,Nanodomain,testing285.jpg
testing870.jpg,Nanodomain,testing286.jpg
testing873.jpg,Nanodomain,testing287.jpg
testing875.jpg,Nanodomain,testing288.jpg
testing877.jpg,Nanodomain,testing289.jpg
testing879.jpg,Nanodomain,testing290.jpg
testing883.jpg,Nanodomain,testing291.jpg
testing888.jpg,Nanodomain,testing292.jpg
testing889.jpg,Nanodomain,testing293.jpg
testing890.jpg,Nanodomain,testing294.jpg
testing891.jpg,Nanodomain,testing295.jpg
testing892.jpg,Nanodomain,testing296.jpg
testing895.jpg,Nanodomain,testing297.jpg
testing896.jpg,Nanodomain,testing298.jpg
testing897.jpg,Nanodomain,testing299.jpg
testing900.jpg,Nanodomain,testing300.jpg
testing5.jpg,Intermediate,testing301.jpg
testing6.jpg,Intermediate,testing302.jpg
testing11.jpg,Intermediate,testing303.jpg
testing12.jpg,Intermediate,testing304.jpg
testing13.jpg,Intermediate,testing305.jpg
testing16.jpg,Intermediate,testing306.jpg
testing17.jpg,Intermediate,testing307.jpg
testing18.jpg,Intermediate,testing308.jpg
testing21.jpg,Intermediate,testing309.jpg
testing22.jpg,Intermediate,testing310.jpg
testing23.jpg,Intermediate,testing311.jpg
testing25.jpg,Intermediate,testing312.jpg
testing28.jpg,Intermediate,testing313.jpg
testing29.jpg,Intermediate,testing314.jpg
testing32.jpg,Intermediate,testing315.jpg
testing39.jpg,Intermediate,testing316.jpg
testing43.jpg,Intermediate,testing317.jpg
testing44.jpg,Intermediate,testing318.jpg
testing48.jpg,Intermediate,testing319.jpg
testing58.jpg,Intermediate,testing320.jpg
testing59.jpg,Intermediate,testing321.jpg
testing60.jpg,Intermediate,testing322.jpg
testing62.jpg,Intermediate,testing323.jpg
testing64.jpg,Intermediate,testing324.jpg
testing69.jpg,Intermediate,testing325.jpg
testing70.jpg,Intermediate,testing326.jpg
testing73.jpg,Intermediate,testing327.jpg
testing81.jpg,Intermediate,testing328.jpg
testing82.jpg,Intermediate,testing329.jpg
testing86.jpg,Intermediate,testing330.jpg
testing87.jpg,Intermediate,testing331.jpg
testing94.jpg,Intermediate,testing332.jpg
testing106.jpg,Intermediate,testing333.jpg
testing109.jpg,Intermediate,testing334.jpg
testing110.jpg,Intermediate,testing335.jpg
testing111.jpg,Intermediate,testing336.jpg
testing113.jpg,Intermediate,testing337.jpg
testing118.jpg,Intermediate,testing338.jpg
testing125.jpg,Intermediate,testing339.jpg
testing127.jpg,Intermediate,testing340.jpg
testing128.jpg,Intermediate,testing341.jpg
testing134.jpg,Intermediate,testing342.jpg
testing138.jpg,Intermediate,testing343.jpg
testing146.jpg,Intermediate,testing344.jpg
testing147.jpg,Intermediate,testing345.jpg
testing148.jpg,Intermediate,testing346.jpg
testing155.jpg,Intermediate,testing347.jpg
testing156.jpg,Intermediate,testing348.jpg
testing160.jpg,Intermediate,testing349.jpg
testing161.jpg,Intermediate,testing350.jpg
testing162.jpg,Intermediate,testing351.jpg
testing164.jpg,Intermediate,testing352.jpg
testing165.jpg,Intermediate,testing353.jpg
testing168.jpg,Intermediate,testing354.jpg
testing174.jpg,Intermediate,testing355.jpg
testing175.jpg,Intermediate,testing356.jpg
testing176.jpg,Intermediate,testing357.jpg
testing179.jpg,Intermediate,testing358.jpg
testing186.jpg,Intermediate,testing359.jpg
testing187.jpg,Intermediate,testing360.jpg
testing189.jpg,Intermediate,testing361.jpg
testing191.jpg,Intermediate,testing362.jpg
testing194.jpg,Intermediate,testing363.jpg
testing195.jpg,Intermediate,testing364.jpg
testing196.jpg,Intermediate,testing365.jpg
testing199.jpg,Intermediate,testing366.jpg
testing200.jpg,Intermediate,testing367.jpg
testing203.jpg,Intermediate,testing368.jpg
testing206.jpg,Intermediate,testing369.jpg
testing210.jpg,Intermediate,testing370.jpg
testing212.jpg,Intermediate,testing371.jpg
testing214.jpg,Intermediate,testing372.jpg
testing216.jpg,Intermediate,testing373.jpg
testing218.jpg,Intermediate,testing374.jpg
testing219.jpg,Intermediate,testing375.jpg
testing220.jpg,Intermediate,testing376.jpg
testing221.jpg,Intermediate,testing377.jpg
testing230.jpg,Intermediate,testing378.jpg
testing238.jpg,Intermediate,testing379.jpg
testing244.jpg,Intermediate,testing380.jpg
testing254.jpg,Intermediate,testing381.jpg
testing258.jpg,Intermediate,testing382.jpg
testing259.jpg,Intermediate,testing383.jpg
testing268.jpg,Intermediate,testing384.jpg
testing270.jpg,Intermediate,testing385.jpg
testing271.jpg,Intermediate,testing386.jpg
testing276.jpg,Intermediate,testing387.jpg
testing280.jpg,Intermediate,testing388.jpg
testing282.jpg,Intermediate,testing389.jpg
testing284.jpg,Intermediate,testing390.jpg
testing290.jpg,Intermediate,testing391.jpg
testing291.jpg,Intermediate,testing392.jpg
testing292.jpg,Intermediate,testing393.jpg
testing293.jpg,Intermediate,testing394.jpg
testing295.jpg,Intermediate,testing395.jpg
testing297.jpg,Intermediate,testing396.jpg
testing301.jpg,Intermediate,testing397.jpg
testing309.jpg,Intermediate,testing398.jpg
testing310.jpg,Intermediate,testing399.jpg
testing313.jpg,Intermediate,testing400.jpg
testing314.jpg,Intermediate,testing401.jpg
testing315.jpg,Intermediate,testing402.jpg
testing320.jpg,Intermediate,testing403.jpg
testing326.jpg,Intermediate,testing404.jpg
testing328.jpg,Intermediate,testing405.jpg
testing329.jpg,Intermediate,testing406.jpg
testing330.jpg,Intermediate,testing407.jpg
testing332.jpg,Intermediate,testing408.jpg
testing335.jpg,Intermediate,testing409.jpg
testing337.jpg,Intermediate,testing410.jpg
testing338.jpg,Intermediate,testing411.jpg
testing339.jpg,Intermediate,testing412.jpg
testing343.jpg,Intermediate,testing413.jpg
testing344.jpg,Intermediate,testing414.jpg
testing345.jpg,Intermediate,testing415.jpg
testing346.jpg,Intermediate,testing416.jpg
testing348.jpg,Intermediate,testing417.jpg
testing350.jpg,Intermediate,testing418.jpg
testing353.jpg,Intermediate,testing419.jpg
testing358.jpg,Intermediate,testing420.jpg
testing359.jpg,Intermediate,testing421.jpg
testing363.jpg,Intermediate,testing422.jpg
testing375.jpg,Intermediate,testing423.jpg
testing377.jpg,Intermediate,testing424.jpg
testing379.jpg,Intermediate,testing425.jpg
testing383.jpg,Intermediate,testing426.jpg
testing389.jpg,Intermediate,testing427.jpg
testing393.jpg,Intermediate,testing428.jpg
testing401.jpg,Intermediate,testing429.jpg
testing405.jpg,Intermediate,testing430.jpg
testing406.jpg,Intermediate,testing431.jpg
testing407.jpg,Intermediate,testing432.jpg
testing410.jpg,Intermediate,testing433.jpg
testing414.jpg,Intermediate,testing434.jpg
testing416.jpg,Intermediate,testing435.jpg
testing418.jpg,Intermediate,testing436.jpg
testing423.jpg,Intermediate,testing437.jpg
testing425.jpg,Intermediate,testing438.jpg
testing426.jpg,Intermediate,testing439.jpg
testing429.jpg,Intermediate,testing440.jpg
testing435.jpg,Intermediate,testing441.jpg
testing440.jpg,Intermediate,testing442.jpg
testing441.jpg,Intermediate,testing443.jpg
testing450.jpg,Intermediate,testing444.jpg
testing453.jpg,Intermediate,testing445.jpg
testing461.jpg,Intermediate,testing446.jpg
testing462.jpg,Intermediate,testing447.jpg
testing464.jpg,Intermediate,testing448.jpg
testing465.jpg,Intermediate,testing449.jpg
testing466.jpg,Intermediate,testing450.jpg
testing468.jpg,Intermediate,testing451.jpg
testing470.jpg,Intermediate,testing452.jpg
testing471.jpg,Intermediate,testing453.jpg
testing473.jpg,Intermediate,testing454.jpg
testing474.jpg,Intermediate,testing455.jpg
testing480.jpg,Intermediate,testing456.jpg
testing481.jpg,Intermediate,testing457.jpg
testing484.jpg,Intermediate,testing458.jpg
testing486.jpg,Intermediate,testing459.jpg
testing489.jpg,Intermediate,testing460.jpg
testing491.jpg,Intermediate,testing461.jpg
testing492.jpg,Intermediate,testing462.jpg
testing494.jpg,Intermediate,testing463.jpg
testing500.jpg,Intermediate,testing464.jpg
testing502.jpg,Intermediate,testing465.jpg
testing503.jpg,Intermediate,testing466.jpg
testing504.jpg,Intermediate,testing467.jpg
testing515.jpg,Intermediate,testing468.jpg
testing516.jpg,Intermediate,testing469.jpg
testing520.jpg,Intermediate,testing470.jpg
testing521.jpg,Intermediate,testing471.jpg
testing524.jpg,Intermediate,testing472.jpg
testing528.jpg,Intermediate,testing473.jpg
testing529.jpg,Intermediate,testing474.jpg
testing535.jpg,Intermediate,testing475.jpg
testing536.jpg,Intermediate,testing476.jpg
testing539.jpg,Intermediate,testing477.jpg
testing543.jpg,Intermediate,testing478.jpg
testing546.jpg,Intermediate,testing479.jpg
testing548.jpg,Intermediate,testing480.jpg
testing549.jpg,Intermediate,testing481.jpg
testing557.jpg,Intermediate,testing482.jpg
testing562.jpg,Intermediate,testing483.jpg
testing564.jpg,Intermediate,testing484.jpg
testing565.jpg,Intermediate,testing485.jpg
testing568.jpg,Intermediate,testing486.jpg
testing571.jpg,Intermediate,testing487.jpg
testing572.jpg,Intermediate,testing488.jpg
testing578.jpg,Intermediate,testing489.jpg
testing583.jpg,Intermediate,testing490.jpg
testing584.jpg,Intermediate,testing491.jpg
testing589.jpg,Intermediate,testing492.jpg
testing591.jpg,Intermediate,testing493.jpg
testing593.jpg,Intermediate,testing494.jpg
testing595.jpg,Intermediate,testing495.jpg
testing599.jpg,Intermediate,testing496.jpg
testing603.jpg,Intermediate,testing497.jpg
testing604.jpg,Intermediate,testing498.jpg
testing605.jpg,Intermediate,testing499.jpg
testing606.jpg,Intermediate,testing500.jpg
testing608.jpg,Intermediate,testing501.jpg
testing609.jpg,Intermediate,testing502.jpg
testing617.jpg,Intermediate,testing503.jpg
testing618.jpg,Intermediate,testing504.jpg
testing624.jpg,Intermediate,testing505.jpg
testing630.jpg,Intermediate,testing506.jpg
testing632.jpg,Intermediate,testing507.jpg
testing638.jpg,Intermediate,testing508.jpg
testing639.jpg,Intermediate,testing509.jpg
testing640.jpg,Intermediate,testing510.jpg
testing642.jpg,Intermediate,testing511.jpg
testing644.jpg,Intermediate,testing512.jpg
testing648.jpg,Intermediate,testing513.jpg
testing651.jpg,Intermediate,testing514.jpg
testing652.jpg,Intermediate,testing515.jpg
testing660.jpg,Intermediate,testing516.jpg
testing662.jpg,Intermediate,testing517.jpg
testing664.jpg,Intermediate,testing518.jpg
testing665.jpg,Intermediate,testing519.jpg
testing674.jpg,Intermediate,testing520.jpg
testing675.jpg,Intermediate,testing521.jpg
testing679.jpg,Intermediate,testing522.jpg
testing680.jpg,Intermediate,testing523.jpg
testing681.jpg,Intermediate,testing524.jpg
testing682.jpg,Intermediate,testing525.jpg
testing686.jpg,Intermediate,testing526.jpg
testing687.jpg,Intermediate,testing527.jpg
testing689.jpg,Intermediate,testing528.jpg
testing691.jpg,Intermediate,testing529.jpg
testing692.jpg,Intermediate,testing530.jpg
testing693.jpg,Intermediate,testing531.jpg
testing703.jpg,Intermediate,testing532.jpg
testing704.jpg,Intermediate,testing533.jpg
testing705.jpg,Intermediate,testing534.jpg
testing707.jpg,Intermediate,testing535.jpg
testing708.jpg,Intermediate,testing536.jpg
testing714.jpg,Intermediate,testing537.jpg
testing715.jpg,Intermediate,testing538.jpg
testing716.jpg,Intermediate,testing539.jpg
testing717.jpg,Intermediate,testing540.jpg
testing718.jpg,Intermediate,testing541.jpg
testing723.jpg,Intermediate,testing542.jpg
testing724.jpg,Intermediate,testing543.jpg
testing727.jpg,Intermediate,testing544.jpg
testing728.jpg,Intermediate,testing545.jpg
testing733.jpg,Intermediate,testing546.jpg
testing735.jpg,Intermediate,testing547.jpg
testing737.jpg,Intermediate,testing548.jpg
testing739.jpg,Intermediate,testing549.jpg
testing740.jpg,Intermediate,testing550.jpg
testing742.jpg,Intermediate,testing551.jpg
testing743.jpg,Intermediate,testing552.jpg
testing746.jpg,Intermediate,testing553.jpg
testing747.jpg,Intermediate,testing554.jpg
testing750.jpg,Intermediate,testing555.jpg
testing751.jpg,Intermediate,testing556.jpg
testing753.jpg,Intermediate,testing557.jpg
testing758.jpg,Intermediate,testing558.jpg
testing759.jpg,Intermediate,testing559.jpg
testing765.jpg,Intermediate,testing560.jpg
testing770.jpg,Intermediate,testing561.jpg
testing771.jpg,Intermediate,testing562.jpg
testing773.jpg,Intermediate,testing563.jpg
testing780.jpg,Intermediate,testing564.jpg
testing784.jpg,Intermediate,testing565.jpg
testing785.jpg,Intermediate,testing566.jpg
testing790.jpg,Intermediate,testing567.jpg
testing791.jpg,Intermediate,testing568.jpg
testing797.jpg,Intermediate,testing569.jpg
testing800.jpg,Intermediate,testing570.jpg
testing806.jpg,Intermediate,testing571.jpg
testing807.jpg,Intermediate,testing572.jpg
testing809.jpg,Intermediate,testing573.jpg
testing810.jpg,Intermediate,testing574.jpg
testing813.jpg,Intermediate,testing575.jpg
testing817.jpg,Intermediate,testing576.jpg
testing818.jpg,Intermediate,testing577.jpg
testing819.jpg,Intermediate,testing578.jpg
testing821.jpg,Intermediate,testing579.jpg
testing825.jpg,Intermediate,testing580.jpg
testing827.jpg,Intermediate,testing581.jpg
testing829.jpg,Intermediate,testing582.jpg
testing832.jpg,Intermediate,testing583.jpg
testing836.jpg,Intermediate,testing584.jpg
testing839.jpg,Intermediate,testing585.jpg
testing845.jpg,Intermediate,testing586.jpg
testing849.jpg,Intermediate,testing587.jpg
testing859.jpg,Intermediate,testing588.jpg
testing860.jpg,Intermediate,testing589.jpg
testing862.jpg,Intermediate,testing590.jpg
testing867.jpg,Intermediate,testing591.jpg
testing871.jpg,Intermediate,testing592.jpg
testing876.jpg,Intermediate,testing593.jpg
testing878.jpg,Intermediate,testing594.jpg
testing881.jpg,Intermediate,testing595.jpg
testing882.jpg,Intermediate,testing596.jpg
testing885.jpg,Intermediate,testing597.jpg
testing886.jpg,Intermediate,testing598.jpg
testing898.jpg,Intermediate,testing599.jpg
testing899.jpg,Intermediate,testing600.jpg
testing1.jpg,Outside,testing601.jpg
testing3.jpg,Outside,testing602.jpg
testing4.jpg,Outside,testing603.jpg
testing10.jpg,Outside,testing604.jpg
testing20.jpg,Outside,testing605.jpg
testing34.jpg,Outside,testing606.jpg
testing35.jpg,Outside,testing607.jpg
testing36.jpg,Outside,testing608.jpg
testing37.jpg,Outside,testing609.jpg
testing38.jpg,Outside,testing610.jpg
testing41.jpg,Outside,testing611.jpg
testing42.jpg,Outside,testing612.jpg
testing45.jpg,Outside,testing613.jpg
testing46.jpg,Outside,testing614.jpg
testing47.jpg,Outside,testing615.jpg
testing50.jpg,Outside,testing616.jpg
testing52.jpg,Outside,testing617.jpg
testing54.jpg,Outside,testing618.jpg
testing55.jpg,Outside,testing619.jpg
testing56.jpg,Outside,testing620.jpg
testing61.jpg,Outside,testing621.jpg
testing66.jpg,Outside,testing622.jpg
testing67.jpg,Outside,testing623.jpg
testing74.jpg,Outside,testing624.jpg
testing78.jpg,Outside,testing625.jpg
testing80.jpg,Outside,testing626.jpg
testing83.jpg,Outside,testing627.jpg
testing84.jpg,Outside,testing628.jpg
testing88.jpg,Outside,testing629.jpg
testing89.jpg,Outside,testing630.jpg
testing90.jpg,Outside,testing631.jpg
testing91.jpg,Outside,testing632.jpg
testing92.jpg,Outside,testing633.jpg
testing93.jpg,Outside,testing634.jpg
testing96.jpg,Outside,testing635.jpg
testing99.jpg,Outside,testing636.jpg
testing100.jpg,Outside,testing637.jpg
testing104.jpg,Outside,testing638.jpg
testing108.jpg,Outside,testing639.jpg
testing112.jpg,Outside,testing640.jpg
testing114.jpg,Outside,testing641.jpg
testing115.jpg,Outside,testing642.jpg
testing121.jpg,Outside,testing643.jpg
testing122.jpg,Outside,testing644.jpg
testing126.jpg,Outside,testing645.jpg
testing133.jpg,Outside,testing646.jpg
testing135.jpg,Outside,testing647.jpg
testing136.jpg,Outside,testing648.jpg
testing137.jpg,Outside,testing649.jpg
testing139.jpg,Outside,testing650.jpg
testing140.jpg,Outside,testing651.jpg
testing142.jpg,Outside,testing652.jpg
testing143.jpg,Outside,testing653.jpg
testing145.jpg,Outside,testing654.jpg
testing149.jpg,Outside,testing655.jpg
testing152.jpg,Outside,testing656.jpg
testing153.jpg,Outside,testing657.jpg
testing157.jpg,Outside,testing658.jpg
testing158.jpg,Outside,testing659.jpg
testing171.jpg,Outside,testing660.jpg
testing173.jpg,Outside,testing661.jpg
testing178.jpg,Outside,testing662.jpg
testing180.jpg,Outside,testing663.jpg
testing184.jpg,Outside,testing664.jpg
testing188.jpg,Outside,testing665.jpg
testing198.jpg,Outside,testing666.jpg
testing202.jpg,Outside,testing667.jpg
testing204.jpg,Outside,testing668.jpg
testing205.jpg,Outside,testing669.jpg
testing207.jpg,Outside,testing670.jpg
testing208.jpg,Outside,testing671.jpg
testing209.jpg,Outside,testing672.jpg
testing213.jpg,Outside,testing673.jpg
testing215.jpg,Outside,testing674.jpg
testing223.jpg,Outside,testing675.jpg
testing224.jpg,Outside,testing676.jpg
testing225.jpg,Outside,testing677.jpg
testing228.jpg,Outside,testing678.jpg
testing233.jpg,Outside,testing679.jpg
testing239.jpg,Outside,testing680.jpg
testing240.jpg,Outside,testing681.jpg
testing241.jpg,Outside,testing682.jpg
testing242.jpg,Outside,testing683.jpg
testing243.jpg,Outside,testing684.jpg
testing246.jpg,Outside,testing685.jpg
testing249.jpg,Outside,testing686.jpg
testing252.jpg,Outside,testing687.jpg
testing253.jpg,Outside,testing688.jpg
testing256.jpg,Outside,testing689.jpg
testing260.jpg,Outside,testing690.jpg
testing262.jpg,Outside,testing691.jpg
testing267.jpg,Outside,testing692.jpg
testing274.jpg,Outside,testing693.jpg
testing279.jpg,Outside,testing694.jpg
testing283.jpg,Outside,testing695.jpg
testing286.jpg,Outside,testing696.jpg
testing287.jpg,Outside,testing697.jpg
testing289.jpg,Outside,testing698.jpg
testing294.jpg,Outside,testing699.jpg
testing296.jpg,Outside,testing700.jpg
testing299.jpg,Outside,testing701.jpg
testing300.jpg,Outside,testing702.jpg
testing302.jpg,Outside,testing703.jpg
testing303.jpg,Outside,testing704.jpg
testing304.jpg,Outside,testing705.jpg
testing305.jpg,Outside,testing706.jpg
testing307.jpg,Outside,testing707.jpg
testing318.jpg,Outside,testing708.jpg
testing321.jpg,Outside,testing709.jpg
testing322.jpg,Outside,testing710.jpg
testing324.jpg,Outside,testing711.jpg
testing325.jpg,Outside,testing712.jpg
testing327.jpg,Outside,testing713.jpg
testing340.jpg,Outside,testing714.jpg
testing342.jpg,Outside,testing715.jpg
testing351.jpg,Outside,testing716.jpg
testing352.jpg,Outside,testing717.jpg
testing354.jpg,Outside,testing718.jpg
testing355.jpg,Outside,testing719.jpg
testing356.jpg,Outside,testing720.jpg
testing360.jpg,Outside,testing721.jpg
testing361.jpg,Outside,testing722.jpg
testing365.jpg,Outside,testing723.jpg
testing366.jpg,Outside,testing724.jpg
testing373.jpg,Outside,testing725.jpg
testing374.jpg,Outside,testing726.jpg
testing376.jpg,Outside,testing727.jpg
testing384.jpg,Outside,testing728.jpg
testing385.jpg,Outside,testing729.jpg
testing386.jpg,Outside,testing730.jpg
testing387.jpg,Outside,testing731.jpg
testing388.jpg,Outside,testing732.jpg
testing390.jpg,Outside,testing733.jpg
testing391.jpg,Outside,testing734.jpg
testing392.jpg,Outside,testing735.jpg
testing394.jpg,Outside,testing736.jpg
testing397.jpg,Outside,testing737.jpg
testing399.jpg,Outside,testing738.jpg
testing400.jpg,Outside,testing739.jpg
testing408.jpg,Outside,testing740.jpg
testing409.jpg,Outside,testing741.jpg
testing412.jpg,Outside,testing742.jpg
testing413.jpg,Outside,testing743.jpg
testing415.jpg,Outside,testing744.jpg
testing420.jpg,Outside,testing745.jpg
testing421.jpg,Outside,testing746.jpg
testing422.jpg,Outside,testing747.jpg
testing427.jpg,Outside,testing748.jpg
testing428.jpg,Outside,testing749.jpg
testing431.jpg,Outside,testing750.jpg
testing432.jpg,Outside,testing751.jpg
testing433.jpg,Outside,testing752.jpg
testing434.jpg,Outside,testing753.jpg
testing438.jpg,Outside,testing754.jpg
testing442.jpg,Outside,testing755.jpg
testing443.jpg,Outside,testing756.jpg
testing448.jpg,Outside,testing757.jpg
testing451.jpg,Outside,testing758.jpg
testing456.jpg,Outside,testing759.jpg
testing457.jpg,Outside,testing760.jpg
testing458.jpg,Outside,testing761.jpg
testing459.jpg,Outside,testing762.jpg
testing460.jpg,Outside,testing763.jpg
testing463.jpg,Outside,testing764.jpg
testing467.jpg,Outside,testing765.jpg
testing477.jpg,Outside,testing766.jpg
testing479.jpg,Outside,testing767.jpg
testing482.jpg,Outside,testing768.jpg
testing488.jpg,Outside,testing769.jpg
testing498.jpg,Outside,testing770.jpg
testing507.jpg,Outside,testing771.jpg
testing508.jpg,Outside,testing772.jpg
testing511.jpg,Outside,testing773.jpg
testing512.jpg,Outside,testing774.jpg
testing513.jpg,Outside,testing775.jpg
testing514.jpg,Outside,testing776.jpg
testing517.jpg,Outside,testing777.jpg
testing519.jpg,Outside,testing778.jpg
testing523.jpg,Outside,testing779.jpg
testing527.jpg,Outside,testing780.jpg
testing530.jpg,Outside,testing781.jpg
testing532.jpg,Outside,testing782.jpg
testing533.jpg,Outside,testing783.jpg
testing534.jpg,Outside,testing784.jpg
testing537.jpg,Outside,testing785.jpg
testing538.jpg,Outside,testing786.jpg
testing540.jpg,Outside,testing787.jpg
testing547.jpg,Outside,testing788.jpg
testing550.jpg,Outside,testing789.jpg
testing551.jpg,Outside,testing790.jpg
testing552.jpg,Outside,testing791.jpg
testing554.jpg,Outside,testing792.jpg
testing558.jpg,Outside,testing793.jpg
testing560.jpg,Outside,testing794.jpg
testing561.jpg,Outside,testing795.jpg
testing563.jpg,Outside,testing796.jpg
testing566.jpg,Outside,testing797.jpg
testing567.jpg,Outside,testing798.jpg
testing569.jpg,Outside,testing799.jpg
testing573.jpg,Outside,testing800.jpg
testing577.jpg,Outside,testing801.jpg
testing580.jpg,Outside,testing802.jpg
testing582.jpg,Outside,testing803.jpg
testing587.jpg,Outside,testing804.jpg
testing590.jpg,Outside,testing805.jpg
testing594.jpg,Outside,testing806.jpg
testing598.jpg,Outside,testing807.jpg
testing601.jpg,Outside,testing808.jpg
testing602.jpg,Outside,testing809.jpg
testing611.jpg,Outside,testing810.jpg
testing612.jpg,Outside,testing811.jpg
testing613.jpg,Outside,testing812.jpg
testing614.jpg,Outside,testing813.jpg
testing616.jpg,Outside,testing814.jpg
testing622.jpg,Outside,testing815.jpg
testing627.jpg,Outside,testing816.jpg
testing628.jpg,Outside,testing817.jpg
testing629.jpg,Outside,testing818.jpg
testing631.jpg,Outside,testing819.jpg
testing635.jpg,Outside,testing820.jpg
testing637.jpg,Outside,testing821.jpg
testing643.jpg,Outside,testing822.jpg
testing646.jpg,Outside,testing823.jpg
testing647.jpg,Outside,testing824.jpg
testing659.jpg,Outside,testing825.jpg
testing661.jpg,Outside,testing826.jpg
testing666.jpg,Outside,testing827.jpg
testing667.jpg,Outside,testing828.jpg
testing672.jpg,Outside,testing829.jpg
testing673.jpg,Outside,testing830.jpg
testing676.jpg,Outside,testing831.jpg
testing677.jpg,Outside,testing832.jpg
testing684.jpg,Outside,testing833.jpg
testing696.jpg,Outside,testing834.jpg
testing700.jpg,Outside,testing835.jpg
testing709.jpg,Outside,testing836.jpg
testing710.jpg,Outside,testing837.jpg
testing711.jpg,Outside,testing838.jpg
testing719.jpg,Outside,testing839.jpg
testing720.jpg,Outside,testing840.jpg
testing721.jpg,Outside,testing841.jpg
testing722.jpg,Outside,testing842.jpg
testing725.jpg,Outside,testing843.jpg
testing726.jpg,Outside,testing844.jpg
testing730.jpg,Outside,testing845.jpg
testing731.jpg,Outside,testing846.jpg
testing732.jpg,Outside,testing847.jpg
testing736.jpg,Outside,testing848.jpg
testing738.jpg,Outside,testing849.jpg
testing741.jpg,Outside,testing850.jpg
testing744.jpg,Outside,testing851.jpg
testing745.jpg,Outside,testing852.jpg
testing754.jpg,Outside,testing853.jpg
testing755.jpg,Outside,testing854.jpg
testing757.jpg,Outside,testing855.jpg
testing760.jpg,Outside,testing856.jpg
testing761.jpg,Outside,testing857.jpg
testing764.jpg,Outside,testing858.jpg
testing766.jpg,Outside,testing859.jpg
testing767.jpg,Outside,testing860.jpg
testing768.jpg,Outside,testing861.jpg
testing775.jpg,Outside,testing862.jpg
testing776.jpg,Outside,testing863.jpg
testing777.jpg,Outside,testing864.jpg
testing778.jpg,Outside,testing865.jpg
testing779.jpg,Outside,testing866.jpg
testing782.jpg,Outside,testing867.jpg
testing783.jpg,Outside,testing868.jpg
testing793.jpg,Outside,testing869.jpg
testing794.jpg,Outside,testing870.jpg
testing795.jpg,Outside,testing871.jpg
testing798.jpg,Outside,testing872.jpg
testing802.jpg,Outside,testing873.jpg
testing803.jpg,Outside,testing874.jpg
testing808.jpg,Outside,testing875.jpg
testing812.jpg,Outside,testing876.jpg
testing815.jpg,Outside,testing877.jpg
testing820.jpg,Outside,testing878.jpg
testing828.jpg,Outside,testing879.jpg
testing830.jpg,Outside,testing880.jpg
testing831.jpg,Outside,testing881.jpg
testing834.jpg,Outside,testing882.jpg
testing838.jpg,Outside,testing883.jpg
testing840.jpg,Outside,testing884.jpg
testing841.jpg,Outside,testing885.jpg
testing842.jpg,Outside,testing886.jpg
testing848.jpg,Outside,testing887.jpg
testing851.jpg,Outside,testing888.jpg
testing854.jpg,Outside,testing889.jpg
testing858.jpg,Outside,testing890.jpg
testing863.jpg,Outside,testing891.jpg
testing865.jpg,Outside,testing892.jpg
testing869.jpg,Outside,testing893.jpg
testing872.jpg,Outside,testing894.jpg
testing874.jpg,Outside,testing895.jpg
testing880.jpg,Outside,testing896.jpg
testing884.jpg,Outside,testing897.jpg
testing887.jpg,Outside,testing898.jpg
testing893.jpg,Outside,testing899.jpg
testing894.jpg,Outside,testing900.jpg
