filename,reorganized_filename,recovery_amplitude_px
testing2.jpg,testing1.jpg,254.0
testing7.jpg,testing2.jpg,275.0
testing8.jpg,testing3.jpg,257.0
testing9.jpg,testing4.jpg,259.0
testing14.jpg,testing5.jpg,270.5
testing15.jpg,testing6.jpg,250.5
testing19.jpg,testing7.jpg,264.0
testing24.jpg,testing8.jpg,261.0
testing26.jpg,testing9.jpg,288.0
testing27.jpg,testing10.jpg,270.0
testing30.jpg,testing11.jpg,292.5
testing31.jpg,testing12.jpg,240.0
testing33.jpg,testing13.jpg,216.0
testing40.jpg,testing14.jpg,283.0
testing49.jpg,testing15.jpg,259.0
testing51.jpg,testing16.jpg,251.0
testing53.jpg,testing17.jpg,261.5
testing57.jpg,testing18.jpg,258.5
testing63.jpg,testing19.jpg,274.5
testing65.jpg,testing20.jpg,277.5
testing68.jpg,testing21.jpg,251.5
testing71.jpg,testing22.jpg,292.0
testing72.jpg,testing23.jpg,265.5
testing75.jpg,testing24.jpg,247.5
testing76.jpg,testing25.jpg,265.0
testing77.jpg,testing26.jpg,265.0
testing79.jpg,testing27.jpg,273.0
testing85.jpg,testing28.jpg,292.0
testing95.jpg,testing29.jpg,255.75
testing97.jpg,testing30.jpg,235.0
testing98.jpg,testing31.jpg,277.5
testing101.jpg,testing32.jpg,278.5
testing102.jpg,testing33.jpg,271.0
testing103.jpg,testing34.jpg,219.0
testing105.jpg,testing35.jpg,280.5
testing107.jpg,testing36.jpg,228.0
testing116.jpg,testing37.jpg,284.0
testing117.jpg,testing38.jpg,258.0
testing119.jpg,testing39.jpg,234.5
testing120.jpg,testing40.jpg,285.5
testing123.jpg,testing41.jpg,253.0
testing124.jpg,testing42.jpg,233.0
testing129.jpg,testing43.jpg,244.5
testing130.jpg,testing44.jpg,252.5
testing131.jpg,testing45.jpg,254.5
testing132.jpg,testing46.jpg,275.0
testing141.jpg,testing47.jpg,226.0
testing144.jpg,testing48.jpg,279.5
testing150.jpg,testing49.jpg,258.5
testing151.jpg,testing50.jpg,239.5
testing154.jpg,testing51.jpg,277.0
testing159.jpg,testing52.jpg,265.0
testing163.jpg,testing53.jpg,213.0
testing166.jpg,testing54.jpg,279.0
testing167.jpg,testing55.jpg,280.5
testing169.jpg,testing56.jpg,231.0
testing170.jpg,testing57.jpg,260.0
testing172.jpg,testing58.jpg,261.0
testing177.jpg,testing59.jpg,253.5
testing181.jpg,testing60.jpg,216.0
testing182.jpg,testing61.jpg,271.0
testing183.jpg,testing62.jpg,263.0
testing185.jpg,testing63.jpg,258.0
testing190.jpg,testing64.jpg,245.0
testing192.jpg,testing65.jpg,217.5
testing193.jpg,testing66.jpg,258.5
testing197.jpg,testing67.jpg,277.5
testing201.jpg,testing68.jpg,285.5
testing211.jpg,testing69.jpg,259.0
testing217.jpg,testing70.jpg,249.5
testing222.jpg,testing71.jpg,283.0
testing226.jpg,testing72.jpg,258.0
testing227.jpg,testing73.jpg,257.0
testing229.jpg,testing74.jpg,285.5
testing231.jpg,testing75.jpg,264.0
testing232.jpg,testing76.jpg,252.75
testing234.jpg,testing77.jpg,248.5
testing235.jpg,testing78.jpg,272.0
testing236.jpg,testing79.jpg,245.75
testing237.jpg,testing80.jpg,283.0
testing245.jpg,testing81.jpg,266.0
testing247.jpg,testing82.jpg,224.5
testing248.jpg,testing83.jpg,274.0
testing250.jpg,testing84.jpg,260.0
testing251.jpg,testing85.jpg,264.5
testing255.jpg,testing86.jpg,282.5
testing257.jpg,testing87.jpg,268.0
testing261.jpg,testing88.jpg,241.5
testing263.jpg,testing89.jpg,260.5
testing264.jpg,testing90.jpg,267.0
testing265.jpg,testing91.jpg,278.5
testing266.jpg,testing92.jpg,238.0
testing269.jpg,testing93.jpg,283.5
testing272.jpg,testing94.jpg,250.0
testing273.jpg,testing95.jpg,250.0
testing275.jpg,testing96.jpg,274.5
testing277.jpg,testing97.jpg,216.0
testing278.jpg,testing98.jpg,255.5
testing281.jpg,testing99.jpg,301.0
testing285.jpg,testing100.jpg,232.5
testing288.jpg,testing101.jpg,274.0
testing298.jpg,testing102.jpg,218.0
testing306.jpg,testing103.jpg,279.5
testing308.jpg,testing104.jpg,258.5
testing311.jpg,testing105.jpg,261.5
testing312.jpg,testing106.jpg,231.5
testing316.jpg,testing107.jpg,282.0
testing317.jpg,testing108.jpg,226.0
testing319.jpg,testing109.jpg,255.75
testing323.jpg,testing110.jpg,283.0
testing331.jpg,testing111.jpg,253.0
testing333.jpg,testing112.jpg,271.0
testing334.jpg,testing113.jpg,285.5
testing336.jpg,testing114.jpg,271.5
testing341.jpg,testing115.jpg,293.0
testing347.jpg,testing116.jpg,288.5
testing349.jpg,testing117.jpg,273.0
testing357.jpg,testing118.jpg,268.5
testing362.jpg,testing119.jpg,225.5
testing364.jpg,testing120.jpg,258.5
testing367.jpg,testing121.jpg,260.0
testing368.jpg,testing122.jpg,267.5
testing369.jpg,testing123.jpg,284.0
testing370.jpg,testing124.jpg,231.5
testing371.jpg,testing125.jpg,260.5
testing372.jpg,testing126.jpg,277.5
testing378.jpg,testing127.jpg,287.0
testing380.jpg,testing128.jpg,261.0
testing381.jpg,testing129.jpg,219.0
testing382.jpg,testing130.jpg,233.5
testing395.jpg,testing131.jpg,256.5
testing396.jpg,testing132.jpg,291.5
testing398.jpg,testing133.jpg,267.5
testing402.jpg,testing134.jpg,280.5
testing403.jpg,testing135.jpg,281.5
testing404.jpg,testing136.jpg,204.0
testing411.jpg,testing137.jpg,289.5
testing417.jpg,testing138.jpg,261.0
testing419.jpg,testing139.jpg,246.0
testing424.jpg,testing140.jpg,263.5
testing430.jpg,testing141.jpg,236.5
testing436.jpg,testing142.jpg,277.0
testing437.jpg,testing143.jpg,205.5
testing439.jpg,testing144.jpg,238.0
testing444.jpg,testing145.jpg,241.5
testing445.jpg,testing146.jpg,271.0
testing446.jpg,testing147.jpg,253.0
testing447.jpg,testing148.jpg,249.0
testing449.jpg,testing149.jpg,270.5
testing452.jpg,testing150.jpg,251.0
testing454.jpg,testing151.jpg,222.0
testing455.jpg,testing152.jpg,291.5
testing469.jpg,testing153.jpg,290.5
testing472.jpg,testing154.jpg,252.0
testing475.jpg,testing155.jpg,286.5
testing476.jpg,testing156.jpg,254.0
testing478.jpg,testing157.jpg,281.0
testing483.jpg,testing158.jpg,268.0
testing485.jpg,testing159.jpg,287.0
testing487.jpg,testing160.jpg,258.0
testing490.jpg,testing161.jpg,266.0
testing493.jpg,testing162.jpg,260.5
testing495.jpg,testing163.jpg,275.0
testing496.jpg,testing164.jpg,252.0
testing497.jpg,testing165.jpg,244.5
testing499.jpg,testing166.jpg,267.5
testing501.jpg,testing167.jpg,251.0
testing505.jpg,testing168.jpg,248.0
testing506.jpg,testing169.jpg,232.5
testing509.jpg,testing170.jpg,278.25
testing510.jpg,testing171.jpg,285.5
testing518.jpg,testing172.jpg,248.0
testing522.jpg,testing173.jpg,263.0
testing525.jpg,testing174.jpg,263.0
testing526.jpg,testing175.jpg,278.5
testing531.jpg,testing176.jpg,253.5
testing541.jpg,testing177.jpg,248.5
testing542.jpg,testing178.jpg,233.0
testing544.jpg,testing179.jpg,264.5
testing545.jpg,testing180.jpg,268.5
testing553.jpg,testing181.jpg,287.0
testing555.jpg,testing182.jpg,289.5
testing556.jpg,testing183.jpg,217.5
testing559.jpg,testing184.jpg,269.0
testing570.jpg,testing185.jpg,254.0
testing574.jpg,testing186.jpg,228.0
testing575.jpg,testing187.jpg,210.0
testing576.jpg,testing188.jpg,258.5
testing579.jpg,testing189.jpg,260.0
testing581.jpg,testing190.jpg,230.5
testing585.jpg,testing191.jpg,254.0
testing586.jpg,testing192.jpg,263.0
testing588.jpg,testing193.jpg,249.5
testing592.jpg,testing194.jpg,253.5
testing596.jpg,testing195.jpg,294.0
testing597.jpg,testing196.jpg,220.75
testing600.jpg,testing197.jpg,223.0
testing607.jpg,testing198.jpg,225.5
testing610.jpg,testing199.jpg,256.0
testing615.jpg,testing200.jpg,218.0
testing619.jpg,testing201.jpg,271.5
testing620.jpg,testing202.jpg,289.25
testing621.jpg,testing203.jpg,267.5
testing623.jpg,testing204.jpg,286.5
testing625.jpg,testing205.jpg,292.5
testing626.jpg,testing206.jpg,279.0
testing633.jpg,testing207.jpg,269.0
testing634.jpg,testing208.jpg,283.0
testing636.jpg,testing209.jpg,259.5
testing641.jpg,testing210.jpg,251.5
testing645.jpg,testing211.jpg,253.5
testing649.jpg,testing212.jpg,251.0
testing650.jpg,testing213.jpg,255.5
testing653.jpg,testing214.jpg,269.5
testing654.jpg,testing215.jpg,275.0
testing655.jpg,testing216.jpg,268.5
testing656.jpg,testing217.jpg,249.5
testing657.jpg,testing218.jpg,288.5
testing658.jpg,testing219.jpg,265.0
testing663.jpg,testing220.jpg,263.5
testing668.jpg,testing221.jpg,279.0
testing669.jpg,testing222.jpg,260.0
testing670.jpg,testing223.jpg,262.0
testing671.jpg,testing224.jpg,284.5
testing678.jpg,testing225.jpg,289.0
testing683.jpg,testing226.jpg,255.0
testing685.jpg,testing227.jpg,291.0
testing688.jpg,testing228.jpg,225.0
testing690.jpg,testing229.jpg,263.0
testing694.jpg,testing230.jpg,222.5
testing695.jpg,testing231.jpg,276.5
testing697.jpg,testing232.jpg,269.5
testing698.jpg,testing233.jpg,263.75
testing699.jpg,testing234.jpg,259.0
testing701.jpg,testing235.jpg,257.5
testing702.jpg,testing236.jpg,266.0
testing706.jpg,testing237.jpg,206.5
testing712.jpg,testing238.jpg,248.0
testing713.jpg,testing239.jpg,268.0
testing729.jpg,testing240.jpg,277.0
testing734.jpg,testing241.jpg,289.5
testing748.jpg,testing242.jpg,289.5
testing749.jpg,testing243.jpg,264.0
testing752.jpg,testing244.jpg,285.5
testing756.jpg,testing245.jpg,268.5
testing762.jpg,testing246.jpg,249.5
testing763.jpg,testing247.jpg,266.0
testing769.jpg,testing248.jpg,249.0
testing772.jpg,testing249.jpg,261.5
testing774.jpg,testing250.jpg,215.5
testing781.jpg,testing251.jpg,214.0
testing786.jpg,testing252.jpg,290.5
testing787.jpg,testing253.jpg,257.0
testing788.jpg,testing254.jpg,279.5
testing789.jpg,testing255.jpg,265.0
testing792.jpg,testing256.jpg,272.0
testing796.jpg,testing257.jpg,287.5
testing799.jpg,testing258.jpg,272.5
testing801.jpg,testing259.jpg,255.0
testing804.jpg,testing260.jpg,290.0
testing805.jpg,testing261.jpg,290.0
testing811.jpg,testing262.jpg,268.0
testing814.jpg,testing263.jpg,258.0
testing816.jpg,testing264.jpg,292.0
testing822.jpg,testing265.jpg,288.0
testing823.jpg,testing266.jpg,241.0
testing824.jpg,testing267.jpg,271.5
testing826.jpg,testing268.jpg,257.0
testing833.jpg,testing269.jpg,274.0
testing835.jpg,testing270.jpg,290.0
testing837.jpg,testing271.jpg,270.5
testing843.jpg,testing272.jpg,266.5
testing844.jpg,testing273.jpg,237.0
testing846.jpg,testing274.jpg,246.5
testing847.jpg,testing275.jpg,210.0
testing850.jpg,testing276.jpg,285.0
testing852.jpg,testing277.jpg,286.5
testing853.jpg,testing278.jpg,294.0
testing855.jpg,testing279.jpg,215.5
testing856.jpg,testing280.jpg,238.0
testing857.jpg,testing281.jpg,262.0
testing861.jpg,testing282.jpg,269.0
testing864.jpg,testing283.jpg,233.5
testing866.jpg,testing284.jpg,269.0
testing868.jpg,testing285.jpg,236.5
testing870.jpg,testing286.jpg,228.0
testing873.jpg,testing287.jpg,254.0
testing875.jpg,testing288.jpg,276.0
testing877.jpg,testing289.jpg,248.0
testing879.jpg,testing290.jpg,226.0
testing883.jpg,testing291.jpg,237.5
testing888.jpg,testing292.jpg,270.5
testing889.jpg,testing293.jpg,275.0
testing890.jpg,testing294.jpg,243.5
testing891.jpg,testing295.jpg,222.0
testing892.jpg,testing296.jpg,272.5
testing895.jpg,testing297.jpg,254.5
testing896.jpg,testing298.jpg,249.5
testing897.jpg,testing299.jpg,210.5
testing900.jpg,testing300.jpg,261.5
testing5.jpg,testing301.jpg,48.5
testing6.jpg,testing302.jpg,49.5
testing11.jpg,testing303.jpg,42.5
testing12.jpg,testing304.jpg,35.0
testing13.jpg,testing305.jpg,53.5
testing16.jpg,testing306.jpg,82.5
testing17.jpg,testing307.jpg,52.0
testing18.jpg,testing308.jpg,64.0
testing21.jpg,testing309.jpg,79.0
testing22.jpg,testing310.jpg,32.0
testing23.jpg,testing311.jpg,77.0
testing25.jpg,testing312.jpg,58.5
testing28.jpg,testing313.jpg,44.5
testing29.jpg,testing314.jpg,50.0
testing32.jpg,testing315.jpg,56.0
testing39.jpg,testing316.jpg,57.5
testing43.jpg,testing317.jpg,79.0
testing44.jpg,testing318.jpg,67.5
testing48.jpg,testing319.jpg,83.0
testing58.jpg,testing320.jpg,49.0
testing59.jpg,testing321.jpg,42.0
testing60.jpg,testing322.jpg,78.5
testing62.jpg,testing323.jpg,63.5
testing64.jpg,testing324.jpg,70.0
testing69.jpg,testing325.jpg,50.5
testing70.jpg,testing326.jpg,79.5
testing73.jpg,testing327.jpg,58.0
testing81.jpg,testing328.jpg,56.5
testing82.jpg,testing329.jpg,58.5
testing86.jpg,testing330.jpg,47.5
testing87.jpg,testing331.jpg,53.0
testing94.jpg,testing332.jpg,27.0
testing106.jpg,testing333.jpg,55.5
testing109.jpg,testing334.jpg,59.75
testing110.jpg,testing335.jpg,50.0
testing111.jpg,testing336.jpg,74.0
testing113.jpg,testing337.jpg,94.5
testing118.jpg,testing338.jpg,58.0
testing125.jpg,testing339.jpg,61.5
testing127.jpg,testing340.jpg,54.5
testing128.jpg,testing341.jpg,70.5
testing134.jpg,testing342.jpg,52.5
testing138.jpg,testing343.jpg,58.0
testing146.jpg,testing344.jpg,71.5
testing147.jpg,testing345.jpg,46.5
testing148.jpg,testing346.jpg,37.5
testing155.jpg,testing347.jpg,61.0
testing156.jpg,testing348.jpg,50.0
testing160.jpg,testing349.jpg,62.5
testing161.jpg,testing350.jpg,43.5
testing162.jpg,testing351.jpg,65.0
testing164.jpg,testing352.jpg,68.5
testing165.jpg,testing353.jpg,56.0
testing168.jpg,testing354.jpg,48.0
testing174.jpg,testing355.jpg,74.5
testing175.jpg,testing356.jpg,50.5
testing176.jpg,testing357.jpg,71.5
testing179.jpg,testing358.jpg,78.5
testing186.jpg,testing359.jpg,81.0
testing187.jpg,testing360.jpg,58.0
testing189.jpg,testing361.jpg,55.0
testing191.jpg,testing362.jpg,54.0
testing194.jpg,testing363.jpg,51.5
testing195.jpg,testing364.jpg,58.5
testing196.jpg,testing365.jpg,48.5
testing199.jpg,testing366.jpg,71.5
testing200.jpg,testing367.jpg,56.0
testing203.jpg,testing368.jpg,57.5
testing206.jpg,testing369.jpg,38.5
testing210.jpg,testing370.jpg,70.5
testing212.jpg,testing371.jpg,45.5
testing214.jpg,testing372.jpg,59.5
testing216.jpg,testing373.jpg,68.5
testing218.jpg,testing374.jpg,61.5
testing219.jpg,testing375.jpg,27.0
testing220.jpg,testing376.jpg,45.0
testing221.jpg,testing377.jpg,47.5
testing230.jpg,testing378.jpg,36.5
testing238.jpg,testing379.jpg,57.5
testing244.jpg,testing380.jpg,58.0
testing254.jpg,testing381.jpg,78.0
testing258.jpg,testing382.jpg,50.0
testing259.jpg,testing383.jpg,57.5
testing268.jpg,testing384.jpg,52.0
testing270.jpg,testing385.jpg,77.0
testing271.jpg,testing386.jpg,57.5
testing276.jpg,testing387.jpg,37.5
testing280.jpg,testing388.jpg,68.0
testing282.jpg,testing389.jpg,55.5
testing284.jpg,testing390.jpg,64.0
testing290.jpg,testing391.jpg,68.0
testing291.jpg,testing392.jpg,51.0
testing292.jpg,testing393.jpg,51.0
testing293.jpg,testing394.jpg,75.5
testing295.jpg,testing395.jpg,39.5
testing297.jpg,testing396.jpg,78.0
testing301.jpg,testing397.jpg,70.5
testing309.jpg,testing398.jpg,87.0
testing310.jpg,testing399.jpg,56.0
testing313.jpg,testing400.jpg,43.5
testing314.jpg,testing401.jpg,35.0
testing315.jpg,testing402.jpg,73.5
testing320.jpg,testing403.jpg,57.0
testing326.jpg,testing404.jpg,54.0
testing328.jpg,testing405.jpg,42.5
testing329.jpg,testing406.jpg,25.0
testing330.jpg,testing407.jpg,100.5
testing332.jpg,testing408.jpg,28.0
testing335.jpg,testing409.jpg,34.5
testing337.jpg,testing410.jpg,97.5
testing338.jpg,testing411.jpg,39.0
testing339.jpg,testing412.jpg,35.5
testing343.jpg,testing413.jpg,55.5
testing344.jpg,testing414.jpg,48.5
testing345.jpg,testing415.jpg,61.5
testing346.jpg,testing416.jpg,39.0
testing348.jpg,testing417.jpg,46.5
testing350.jpg,testing418.jpg,41.5
testing353.jpg,testing419.jpg,59.5
testing358.jpg,testing420.jpg,78.0
testing359.jpg,testing421.jpg,62.5
testing363.jpg,testing422.jpg,47.0
testing375.jpg,testing423.jpg,51.5
testing377.jpg,testing424.jpg,47.0
testing379.jpg,testing425.jpg,68.5
testing383.jpg,testing426.jpg,58.5
testing389.jpg,testing427.jpg,49.0
testing393.jpg,testing428.jpg,50.0
testing401.jpg,testing429.jpg,46.5
testing405.jpg,testing430.jpg,54.0
testing406.jpg,testing431.jpg,79.0
testing407.jpg,testing432.jpg,37.5
testing410.jpg,testing433.jpg,58.5
testing414.jpg,testing434.jpg,76.5
testing416.jpg,testing435.jpg,78.0
testing418.jpg,testing436.jpg,45.0
testing423.jpg,testing437.jpg,76.5
testing425.jpg,testing438.jpg,80.5
testing426.jpg,testing439.jpg,96.25
testing429.jpg,testing440.jpg,80.0
testing435.jpg,testing441.jpg,46.5
testing440.jpg,testing442.jpg,74.5
testing441.jpg,testing443.jpg,55.0
testing450.jpg,testing444.jpg,109.5
testing453.jpg,testing445.jpg,74.5
testing461.jpg,testing446.jpg,84.0
testing462.jpg,testing447.jpg,41.0
testing464.jpg,testing448.jpg,78.0
testing465.jpg,testing449.jpg,54.0
testing466.jpg,testing450.jpg,68.5
testing468.jpg,testing451.jpg,45.0
testing470.jpg,testing452.jpg,55.0
testing471.jpg,testing453.jpg,34.5
testing473.jpg,testing454.jpg,45.5
testing474.jpg,testing455.jpg,44.5
testing480.jpg,testing456.jpg,73.0
testing481.jpg,testing457.jpg,42.0
testing484.jpg,testing458.jpg,54.5
testing486.jpg,testing459.jpg,39.0
testing489.jpg,testing460.jpg,76.5
testing491.jpg,testing461.jpg,37.5
testing492.jpg,testing462.jpg,50.5
testing494.jpg,testing463.jpg,54.5
testing500.jpg,testing464.jpg,57.0
testing502.jpg,testing465.jpg,54.0
testing503.jpg,testing466.jpg,34.0
testing504.jpg,testing467.jpg,56.5
testing515.jpg,testing468.jpg,51.5
testing516.jpg,testing469.jpg,46.5
testing520.jpg,testing470.jpg,39.0
testing521.jpg,testing471.jpg,59.0
testing524.jpg,testing472.jpg,65.5
testing528.jpg,testing473.jpg,38.5
testing529.jpg,testing474.jpg,81.0
testing535.jpg,testing475.jpg,58.5
testing536.jpg,testing476.jpg,89.0
testing539.jpg,testing477.jpg,42.0
testing543.jpg,testing478.jpg,62.5
testing546.jpg,testing479.jpg,51.5
testing548.jpg,testing480.jpg,76.5
testing549.jpg,testing481.jpg,70.5
testing557.jpg,testing482.jpg,76.0
testing562.jpg,testing483.jpg,33.0
testing564.jpg,testing484.jpg,46.0
testing565.jpg,testing485.jpg,86.5
testing568.jpg,testing486.jpg,31.5
testing571.jpg,testing487.jpg,51.5
testing572.jpg,testing488.jpg,53.5
testing578.jpg,testing489.jpg,69.5
testing583.jpg,testing490.jpg,78.5
testing584.jpg,testing491.jpg,73.5
testing589.jpg,testing492.jpg,36.0
testing591.jpg,testing493.jpg,49.0
testing593.jpg,testing494.jpg,51.5
testing595.jpg,testing495.jpg,42.5
testing599.jpg,testing496.jpg,57.0
testing603.jpg,testing497.jpg,69.5
testing604.jpg,testing498.jpg,69.5
testing605.jpg,testing499.jpg,47.0
testing606.jpg,testing500.jpg,35.0
testing608.jpg,testing501.jpg,42.0
testing609.jpg,testing502.jpg,21.5
testing617.jpg,testing503.jpg,81.5
testing618.jpg,testing504.jpg,55.5
testing624.jpg,testing505.jpg,41.0
testing630.jpg,testing506.jpg,64.5
testing632.jpg,testing507.jpg,46.0
testing638.jpg,testing508.jpg,51.0
testing639.jpg,testing509.jpg,39.5
testing640.jpg,testing510.jpg,46.0
testing642.jpg,testing511.jpg,59.5
testing644.jpg,testing512.jpg,57.5
testing648.jpg,testing513.jpg,67.0
testing651.jpg,testing514.jpg,78.5
testing652.jpg,testing515.jpg,44.5
testing660.jpg,testing516.jpg,53.0
testing662.jpg,testing517.jpg,58.0
testing664.jpg,testing518.jpg,54.5
testing665.jpg,testing519.jpg,61.0
testing674.jpg,testing520.jpg,67.0
testing675.jpg,testing521.jpg,80.0
testing679.jpg,testing522.jpg,41.5
testing680.jpg,testing523.jpg,30.0
testing681.jpg,testing524.jpg,54.5
testing682.jpg,testing525.jpg,91.5
testing686.jpg,testing526.jpg,45.0
testing687.jpg,testing527.jpg,32.0
testing689.jpg,testing528.jpg,74.0
testing691.jpg,testing529.jpg,59.0
testing692.jpg,testing530.jpg,54.0
testing693.jpg,testing531.jpg,64.0
testing703.jpg,testing532.jpg,22.0
testing704.jpg,testing533.jpg,71.5
testing705.jpg,testing534.jpg,45.5
testing707.jpg,testing535.jpg,47.0
testing708.jpg,testing536.jpg,71.5
testing714.jpg,testing537.jpg,62.0
testing715.jpg,testing538.jpg,53.5
testing716.jpg,testing539.jpg,106.0
testing717.jpg,testing540.jpg,62.5
testing718.jpg,testing541.jpg,78.0
testing723.jpg,testing542.jpg,61.0
testing724.jpg,testing543.jpg,45.5
testing727.jpg,testing544.jpg,59.5
testing728.jpg,testing545.jpg,58.0
testing733.jpg,testing546.jpg,26.5
testing735.jpg,testing547.jpg,44.5
testing737.jpg,testing548.jpg,67.0
testing739.jpg,testing549.jpg,69.5
testing740.jpg,testing550.jpg,64.5
testing742.jpg,testing551.jpg,72.0
testing743.jpg,testing552.jpg,44.0
testing746.jpg,testing553.jpg,51.5
testing747.jpg,testing554.jpg,70.0
testing750.jpg,testing555.jpg,47.0
testing751.jpg,testing556.jpg,61.5
testing753.jpg,testing557.jpg,53.5
testing758.jpg,testing558.jpg,58.5
testing759.jpg,testing559.jpg,85.5
testing765.jpg,testing560.jpg,40.0
testing770.jpg,testing561.jpg,55.5
testing771.jpg,testing562.jpg,37.0
testing773.jpg,testing563.jpg,68.0
testing780.jpg,testing564.jpg,71.0
testing784.jpg,testing565.jpg,71.0
testing785.jpg,testing566.jpg,62.0
testing790.jpg,testing567.jpg,52.5
testing791.jpg,testing568.jpg,61.0
testing797.jpg,testing569.jpg,85.0
testing800.jpg,testing570.jpg,46.5
testing806.jpg,testing571.jpg,71.0
testing807.jpg,testing572.jpg,70.5
testing809.jpg,testing573.jpg,74.5
testing810.jpg,testing574.jpg,82.5
testing813.jpg,testing575.jpg,73.0
testing817.jpg,testing576.jpg,48.0
testing818.jpg,testing577.jpg,40.5
testing819.jpg,testing578.jpg,81.5
testing821.jpg,testing579.jpg,51.5
testing825.jpg,testing580.jpg,50.5
testing827.jpg,testing581.jpg,47.5
testing829.jpg,testing582.jpg,40.0
testing832.jpg,testing583.jpg,68.0
testing836.jpg,testing584.jpg,65.5
testing839.jpg,testing585.jpg,48.0
testing845.jpg,testing586.jpg,48.0
testing849.jpg,testing587.jpg,81.0
testing859.jpg,testing588.jpg,50.0
testing860.jpg,testing589.jpg,65.5
testing862.jpg,testing590.jpg,82.5
testing867.jpg,testing591.jpg,49.5
testing871.jpg,testing592.jpg,52.0
testing876.jpg,testing593.jpg,67.0
testing878.jpg,testing594.jpg,42.5
testing881.jpg,testing595.jpg,40.5
testing882.jpg,testing596.jpg,72.5
testing885.jpg,testing597.jpg,49.0
testing886.jpg,testing598.jpg,50.0
testing898.jpg,testing599.jpg,79.0
testing899.jpg,testing600.jpg,36.5
testing1.jpg,testing601.jpg,14.5
testing3.jpg,testing602.jpg,6.0
testing4.jpg,testing603.jpg,9.75
testing10.jpg,testing604.jpg,6.5
testing20.jpg,testing605.jpg,11.0
testing34.jpg,testing606.jpg,5.5
testing35.jpg,testing607.jpg,4.75
testing36.jpg,testing608.jpg,6.0
testing37.jpg,testing609.jpg,6.0
testing38.jpg,testing610.jpg,5.0
testing41.jpg,testing611.jpg,5.5
testing42.jpg,testing612.jpg,6.5
testing45.jpg,testing613.jpg,6.0
testing46.jpg,testing614.jpg,6.0
testing47.jpg,testing615.jpg,4.0
testing50.jpg,testing616.jpg,4.5
testing52.jpg,testing617.jpg,5.5
testing54.jpg,testing618.jpg,5.5
testing55.jpg,testing619.jpg,8.0
testing56.jpg,testing620.jpg,6.0
testing61.jpg,testing621.jpg,7.5
testing66.jpg,testing622.jpg,5.0
testing67.jpg,testing623.jpg,7.5
testing74.jpg,testing624.jpg,7.0
testing78.jpg,testing625.jpg,5.0
testing80.jpg,testing626.jpg,6.0
testing83.jpg,testing627.jpg,7.0
testing84.jpg,testing628.jpg,3.0
testing88.jpg,testing629.jpg,4.5
testing89.jpg,testing630.jpg,10.0
testing90.jpg,testing631.jpg,6.5
testing91.jpg,testing632.jpg,6.0
testing92.jpg,testing633.jpg,8.0
testing93.jpg,testing634.jpg,6.5
testing96.jpg,testing635.jpg,12.0
testing99.jpg,testing636.jpg,5.5
testing100.jpg,testing637.jpg,6.0
testing104.jpg,testing638.jpg,10.0
testing108.jpg,testing639.jpg,4.5
testing112.jpg,testing640.jpg,6.0
testing114.jpg,testing641.jpg,3.5
testing115.jpg,testing642.jpg,6.5
testing121.jpg,testing643.jpg,5.5
testing122.jpg,testing644.jpg,3.0
testing126.jpg,testing645.jpg,5.0
testing133.jpg,testing646.jpg,7.0
testing135.jpg,testing647.jpg,10.0
testing136.jpg,testing648.jpg,4.5
testing137.jpg,testing649.jpg,7.0
testing139.jpg,testing650.jpg,7.0
testing140.jpg,testing651.jpg,7.5
testing142.jpg,testing652.jpg,5.5
testing143.jpg,testing653.jpg,4.0
testing145.jpg,testing654.jpg,5.5
testing149.jpg,testing655.jpg,5.0
testing152.jpg,testing656.jpg,5.5
testing153.jpg,testing657.jpg,4.5
testing157.jpg,testing658.jpg,8.0
testing158.jpg,testing659.jpg,6.0
testing171.jpg,testing660.jpg,7.0
testing173.jpg,testing661.jpg,5.0
testing178.jpg,testing662.jpg,7.0
testing180.jpg,testing663.jpg,5.5
testing184.jpg,testing664.jpg,8.0
testing188.jpg,testing665.jpg,5.0
testing198.jpg,testing666.jpg,5.0
testing202.jpg,testing667.jpg,6.0
testing204.jpg,testing668.jpg,6.5
testing205.jpg,testing669.jpg,5.5
testing207.jpg,testing670.jpg,6.0
testing208.jpg,testing671.jpg,6.5
testing209.jpg,testing672.jpg,7.5
testing213.jpg,testing673.jpg,6.0
testing215.jpg,testing674.jpg,4.0
testing223.jpg,testing675.jpg,5.5
testing224.jpg,testing676.jpg,5.0
testing225.jpg,testing677.jpg,5.5
testing228.jpg,testing678.jpg,6.0
testing233.jpg,testing679.jpg,6.0
testing239.jpg,testing680.jpg,7.5
testing240.jpg,testing681.jpg,6.5
testing241.jpg,testing682.jpg,12.0
testing242.jpg,testing683.jpg,7.5
testing243.jpg,testing684.jpg,7.0
testing246.jpg,testing685.jpg,7.0
testing249.jpg,testing686.jpg,6.0
testing252.jpg,testing687.jpg,6.0
testing253.jpg,testing688.jpg,5.0
testing256.jpg,testing689.jpg,4.75
testing260.jpg,testing690.jpg,7.0
testing262.jpg,testing691.jpg,6.0
testing267.jpg,testing692.jpg,5.5
testing274.jpg,testing693.jpg,7.0
testing279.jpg,testing694.jpg,5.0
testing283.jpg,testing695.jpg,6.0
testing286.jpg,testing696.jpg,7.0
testing287.jpg,testing697.jpg,4.0
testing289.jpg,testing698.jpg,6.0
testing294.jpg,testing699.jpg,5.5
testing296.jpg,testing700.jpg,6.0
testing299.jpg,testing701.jpg,5.5
testing300.jpg,testing702.jpg,6.5
testing302.jpg,testing703.jpg,10.5
testing303.jpg,testing704.jpg,3.5
testing304.jpg,testing705.jpg,7.0
testing305.jpg,testing706.jpg,6.0
testing307.jpg,testing707.jpg,7.0
testing318.jpg,testing708.jpg,5.5
testing321.jpg,testing709.jpg,7.5
testing322.jpg,testing710.jpg,3.5
testing324.jpg,testing711.jpg,4.5
testing325.jpg,testing712.jpg,4.5
testing327.jpg,testing713.jpg,5.0
testing340.jpg,testing714.jpg,7.0
testing342.jpg,testing715.jpg,9.75
testing351.jpg,testing716.jpg,5.5
testing352.jpg,testing717.jpg,6.0
testing354.jpg,testing718.jpg,7.0
testing355.jpg,testing719.jpg,5.0
testing356.jpg,testing720.jpg,6.5
testing360.jpg,testing721.jpg,5.0
testing361.jpg,testing722.jpg,6.5
testing365.jpg,testing723.jpg,7.0
testing366.jpg,testing724.jpg,6.5
testing373.jpg,testing725.jpg,6.5
testing374.jpg,testing726.jpg,5.5
testing376.jpg,testing727.jpg,7.5
testing384.jpg,testing728.jpg,7.0
testing385.jpg,testing729.jpg,10.0
testing386.jpg,testing730.jpg,6.5
testing387.jpg,testing731.jpg,6.75
testing388.jpg,testing732.jpg,6.0
testing390.jpg,testing733.jpg,8.5
testing391.jpg,testing734.jpg,4.5
testing392.jpg,testing735.jpg,4.0
testing394.jpg,testing736.jpg,5.75
testing397.jpg,testing737.jpg,10.0
testing399.jpg,testing738.jpg,7.0
testing400.jpg,testing739.jpg,5.75
testing408.jpg,testing740.jpg,6.75
testing409.jpg,testing741.jpg,10.0
testing412.jpg,testing742.jpg,11.0
testing413.jpg,testing743.jpg,5.0
testing415.jpg,testing744.jpg,7.0
testing420.jpg,testing745.jpg,5.5
testing421.jpg,testing746.jpg,6.25
testing422.jpg,testing747.jpg,5.0
testing427.jpg,testing748.jpg,6.5
testing428.jpg,testing749.jpg,7.75
testing431.jpg,testing750.jpg,10.0
testing432.jpg,testing751.jpg,9.5
testing433.jpg,testing752.jpg,4.5
testing434.jpg,testing753.jpg,9.0
testing438.jpg,testing754.jpg,6.5
testing442.jpg,testing755.jpg,6.5
testing443.jpg,testing756.jpg,5.0
testing448.jpg,testing757.jpg,5.5
testing451.jpg,testing758.jpg,6.5
testing456.jpg,testing759.jpg,5.0
testing457.jpg,testing760.jpg,5.0
testing458.jpg,testing761.jpg,5.75
testing459.jpg,testing762.jpg,6.0
testing460.jpg,testing763.jpg,6.5
testing463.jpg,testing764.jpg,6.0
testing467.jpg,testing765.jpg,5.5
testing477.jpg,testing766.jpg,5.0
testing479.jpg,testing767.jpg,6.0
testing482.jpg,testing768.jpg,4.5
testing488.jpg,testing769.jpg,10.5
testing498.jpg,testing770.jpg,8.5
testing507.jpg,testing771.jpg,5.5
testing508.jpg,testing772.jpg,6.0
testing511.jpg,testing773.jpg,6.5
testing512.jpg,testing774.jpg,6.5
testing513.jpg,testing775.jpg,7.0
testing514.jpg,testing776.jpg,4.5
testing517.jpg,testing777.jpg,5.5
testing519.jpg,testing778.jpg,5.0
testing523.jpg,testing779.jpg,6.25
testing527.jpg,testing780.jpg,5.5
testing530.jpg,testing781.jpg,6.0
testing532.jpg,testing782.jpg,4.5
testing533.jpg,testing783.jpg,6.0
testing534.jpg,testing784.jpg,5.5
testing537.jpg,testing785.jpg,5.5
testing538.jpg,testing786.jpg,5.5
testing540.jpg,testing787.jpg,6.5
testing547.jpg,testing788.jpg,5.5
testing550.jpg,testing789.jpg,5.5
testing551.jpg,testing790.jpg,8.0
testing552.jpg,testing791.jpg,5.5
testing554.jpg,testing792.jpg,6.5
testing558.jpg,testing793.jpg,6.0
testing560.jpg,testing794.jpg,6.5
testing561.jpg,testing795.jpg,7.5
testing563.jpg,testing796.jpg,5.5
testing566.jpg,testing797.jpg,5.0
testing567.jpg,testing798.jpg,5.0
testing569.jpg,testing799.jpg,5.5
testing573.jpg,testing800.jpg,11.5
testing577.jpg,testing801.jpg,6.5
testing580.jpg,testing802.jpg,7.0
testing582.jpg,testing803.jpg,6.5
testing587.jpg,testing804.jpg,9.5
testing590.jpg,testing805.jpg,7.0
testing594.jpg,testing806.jpg,6.5
testing598.jpg,testing807.jpg,10.5
testing601.jpg,testing808.jpg,7.0
testing602.jpg,testing809.jpg,8.0
testing611.jpg,testing810.jpg,7.0
testing612.jpg,testing811.jpg,6.5
testing613.jpg,testing812.jpg,6.5
testing614.jpg,testing813.jpg,8.0
testing616.jpg,testing814.jpg,3.5
testing622.jpg,testing815.jpg,9.0
testing627.jpg,testing816.jpg,4.5
testing628.jpg,testing817.jpg,5.0
testing629.jpg,testing818.jpg,8.0
testing631.jpg,testing819.jpg,6.5
testing635.jpg,testing820.jpg,6.0
testing637.jpg,testing821.jpg,4.5
testing643.jpg,testing822.jpg,4.5
testing646.jpg,testing823.jpg,4.5
testing647.jpg,testing824.jpg,9.0
testing659.jpg,testing825.jpg,6.5
testing661.jpg,testing826.jpg,7.0
testing666.jpg,testing827.jpg,6.0
testing667.jpg,testing828.jpg,5.5
testing672.jpg,testing829.jpg,6.5
testing673.jpg,testing830.jpg,5.0
testing676.jpg,testing831.jpg,8.5
testing677.jpg,testing832.jpg,8.0
testing684.jpg,testing833.jpg,6.0
testing696.jpg,testing834.jpg,7.0
testing700.jpg,testing835.jpg,5.5
testing709.jpg,testing836.jpg,6.5
testing710.jpg,testing837.jpg,6.5
testing711.jpg,testing838.jpg,5.5
testing719.jpg,testing839.jpg,7.5
testing720.jpg,testing840.jpg,6.0
testing721.jpg,testing841.jpg,7.5
testing722.jpg,testing842.jpg,6.0
testing725.jpg,testing843.jpg,5.0
testing726.jpg,testing844.jpg,5.0
testing730.jpg,testing845.jpg,7.5
testing731.jpg,testing846.jpg,9.0
testing732.jpg,testing847.jpg,9.0
testing736.jpg,testing848.jpg,7.25
testing738.jpg,testing849.jpg,7.5
testing741.jpg,testing850.jpg,10.0
testing744.jpg,testing851.jpg,5.0
testing745.jpg,testing852.jpg,5.5
testing754.jpg,testing853.jpg,10.5
testing755.jpg,testing854.jpg,5.0
testing757.jpg,testing855.jpg,8.5
testing760.jpg,testing856.jpg,8.5
testing761.jpg,testing857.jpg,6.5
testing764.jpg,testing858.jpg,5.5
testing766.jpg,testing859.jpg,5.0
testing767.jpg,testing860.jpg,7.5
testing768.jpg,testing861.jpg,4.5
testing775.jpg,testing862.jpg,10.5
testing776.jpg,testing863.jpg,5.5
testing777.jpg,testing864.jpg,6.0
testing778.jpg,testing865.jpg,4.0
testing779.jpg,testing866.jpg,6.0
testing782.jpg,testing867.jpg,5.0
testing783.jpg,testing868.jpg,5.0
testing793.jpg,testing869.jpg,12.5
testing794.jpg,testing870.jpg,6.5
testing795.jpg,testing871.jpg,7.0
testing798.jpg,testing872.jpg,5.0
testing802.jpg,testing873.jpg,9.5
testing803.jpg,testing874.jpg,6.0
testing808.jpg,testing875.jpg,5.5
testing812.jpg,testing876.jpg,6.5
testing815.jpg,testing877.jpg,6.5
testing820.jpg,testing878.jpg,7.0
testing828.jpg,testing879.jpg,5.0
testing830.jpg,testing880.jpg,7.5
testing831.jpg,testing881.jpg,5.5
testing834.jpg,testing882.jpg,9.5
testing838.jpg,testing883.jpg,7.5
testing840.jpg,testing884.jpg,6.0
testing841.jpg,testing885.jpg,5.5
testing842.jpg,testing886.jpg,5.0
testing848.jpg,testing887.jpg,5.25
testing851.jpg,testing888.jpg,5.0
testing854.jpg,testing889.jpg,7.5
testing858.jpg,testing890.jpg,6.5
testing863.jpg,testing891.jpg,5.5
testing865.jpg,testing892.jpg,9.75
testing869.jpg,testing893.jpg,6.5
testing872.jpg,testing894.jpg,5.5
testing874.jpg,testing895.jpg,4.75
testing880.jpg,testing896.jpg,6.0
testing884.jpg,testing897.jpg,13.0
testing887.jpg,testing898.jpg,5.0
testing893.jpg,testing899.jpg,6.5
testing894.jpg,testing900.jpg,6.0
