filename,true_label,predicted_label,maximum_predicted_probability,prob_Intermediate,prob_Nanodomain,prob_Outside
testing1.jpg,Nanodomain,Nanodomain,0.99732864,0.0018160477,0.99732864,0.0008552618
testing2.jpg,Nanodomain,Nanodomain,0.9823794,0.012749983,0.9823794,0.004870686
testing3.jpg,Nanodomain,Nanodomain,0.99804676,0.001337458,0.99804676,0.00061587285
testing4.jpg,Nanodomain,Nanodomain,0.9936739,0.0042566257,0.9936739,0.0020695261
testing5.jpg,Nanodomain,Nanodomain,0.9890275,0.0076109576,0.9890275,0.0033615243
testing6.jpg,Nanodomain,Nanodomain,0.99808073,0.0012280004,0.99808073,0.00069124677
testing7.jpg,Nanodomain,Nanodomain,0.9910091,0.0063432986,0.9910091,0.0026475885
testing8.jpg,Nanodomain,Nanodomain,0.9955076,0.0030769936,0.9955076,0.0014154379
testing9.jpg,Nanodomain,Nanodomain,0.9796467,0.015877128,0.9796467,0.0044762306
testing10.jpg,Nanodomain,Nanodomain,0.9900289,0.00713975,0.9900289,0.0028313722
testing11.jpg,Nanodomain,Nanodomain,0.96561885,0.026654705,0.96561885,0.0077265115
testing12.jpg,Nanodomain,Nanodomain,0.9979086,0.0013951404,0.9979086,0.0006962934
testing13.jpg,Nanodomain,Nanodomain,0.99896014,0.0005913458,0.99896014,0.00044847373
testing14.jpg,Nanodomain,Nanodomain,0.9752264,0.019358076,0.9752264,0.005415535
testing15.jpg,Nanodomain,Nanodomain,0.99641776,0.0025090536,0.99641776,0.0010731805
testing16.jpg,Nanodomain,Nanodomain,0.99694604,0.0020334895,0.99694604,0.0010205192
testing17.jpg,Nanodomain,Nanodomain,0.99338716,0.004729651,0.99338716,0.0018832154
testing18.jpg,Nanodomain,Nanodomain,0.9969099,0.0019665903,0.9969099,0.0011235694
testing19.jpg,Nanodomain,Nanodomain,0.9823437,0.012583589,0.9823437,0.0050726784
testing20.jpg,Nanodomain,Nanodomain,0.97770876,0.016267734,0.97770876,0.0060235197
testing21.jpg,Nanodomain,Nanodomain,0.9985714,0.0009338886,0.9985714,0.0004947012
testing22.jpg,Nanodomain,Nanodomain,0.97095764,0.022707473,0.97095764,0.006334854
testing23.jpg,Nanodomain,Nanodomain,0.9935034,0.004663411,0.9935034,0.001833226
testing24.jpg,Nanodomain,Nanodomain,0.99858284,0.0009333624,0.99858284,0.00048379297
testing25.jpg,Nanodomain,Nanodomain,0.9938601,0.0045122085,0.9938601,0.0016276097
testing26.jpg,Nanodomain,Nanodomain,0.9940357,0.004153577,0.9940357,0.0018106757
testing27.jpg,Nanodomain,Nanodomain,0.9833798,0.011702306,0.9833798,0.0049179043
testing28.jpg,Nanodomain,Nanodomain,0.968542,0.024163296,0.968542,0.007294766
testing29.jpg,Nanodomain,Nanodomain,0.993178,0.0044452436,0.993178,0.0023766516
testing30.jpg,Nanodomain,Nanodomain,0.998973,0.0005268225,0.998973,0.0005001395
testing31.jpg,Nanodomain,Nanodomain,0.9808384,0.014227969,0.9808384,0.0049335435
testing32.jpg,Nanodomain,Nanodomain,0.9750333,0.019399488,0.9750333,0.0055672587
testing33.jpg,Nanodomain,Nanodomain,0.98790157,0.008607078,0.98790157,0.0034913714
testing34.jpg,Nanodomain,Nanodomain,0.9990429,0.0005491742,0.9990429,0.00040791277
testing35.jpg,Nanodomain,Nanodomain,0.97332203,0.020032257,0.97332203,0.006645669
testing36.jpg,Nanodomain,Nanodomain,0.9988249,0.0008178838,0.9988249,0.00035726096
testing37.jpg,Nanodomain,Nanodomain,0.98000175,0.015494376,0.98000175,0.004503863
testing38.jpg,Nanodomain,Nanodomain,0.99429363,0.003873894,0.99429363,0.001832493
testing39.jpg,Nanodomain,Nanodomain,0.99871397,0.00084587064,0.99871397,0.00044020065
testing40.jpg,Nanodomain,Nanodomain,0.9790066,0.017013475,0.9790066,0.0039799577
testing41.jpg,Nanodomain,Nanodomain,0.9952129,0.0031818396,0.9952129,0.0016052389
testing42.jpg,Nanodomain,Nanodomain,0.99928564,0.0004244783,0.99928564,0.00028996635
testing43.jpg,Nanodomain,Nanodomain,0.99743515,0.0016432398,0.99743515,0.0009215679
testing44.jpg,Nanodomain,Nanodomain,0.99635434,0.0024266415,0.99635434,0.0012190376
testing45.jpg,Nanodomain,Nanodomain,0.9958056,0.0028062698,0.9958056,0.0013881216
testing46.jpg,Nanodomain,Nanodomain,0.98088664,0.014468478,0.98088664,0.00464498
testing47.jpg,Nanodomain,Nanodomain,0.99900705,0.00060782,0.99900705,0.00038519688
testing48.jpg,Nanodomain,Nanodomain,0.9761722,0.018670335,0.9761722,0.0051574614
testing49.jpg,Nanodomain,Nanodomain,0.99720913,0.0019776388,0.99720913,0.00081326865
testing50.jpg,Nanodomain,Nanodomain,0.99914265,0.0005339043,0.99914265,0.00032339324
testing51.jpg,Nanodomain,Nanodomain,0.9854999,0.010827026,0.9854999,0.0036730005
testing52.jpg,Nanodomain,Nanodomain,0.9949173,0.0036990605,0.9949173,0.0013837442
testing53.jpg,Nanodomain,Nanodomain,0.9991443,0.00060980226,0.9991443,0.00024584302
testing54.jpg,Nanodomain,Nanodomain,0.9766159,0.017832804,0.9766159,0.0055513643
testing55.jpg,Nanodomain,Nanodomain,0.97673005,0.017482555,0.97673005,0.0057874527
testing56.jpg,Nanodomain,Nanodomain,0.99911684,0.00049997494,0.99911684,0.00038318912
testing57.jpg,Nanodomain,Nanodomain,0.994468,0.0039109755,0.994468,0.0016210085
testing58.jpg,Nanodomain,Nanodomain,0.9971239,0.0020447343,0.9971239,0.00083135936
testing59.jpg,Nanodomain,Nanodomain,0.99508345,0.00326448,0.99508345,0.0016520963
testing60.jpg,Nanodomain,Nanodomain,0.99890995,0.00060467084,0.99890995,0.0004853908
testing61.jpg,Nanodomain,Nanodomain,0.9868994,0.009358975,0.9868994,0.0037417107
testing62.jpg,Nanodomain,Nanodomain,0.9959269,0.00283443,0.9959269,0.0012386037
testing63.jpg,Nanodomain,Nanodomain,0.99863964,0.0009392626,0.99863964,0.00042104258
testing64.jpg,Nanodomain,Nanodomain,0.99724835,0.0017902335,0.99724835,0.0009613679
testing65.jpg,Nanodomain,Nanodomain,0.9988481,0.0006457688,0.9988481,0.00050614105
testing66.jpg,Nanodomain,Nanodomain,0.99720544,0.0018556723,0.99720544,0.0009388901
testing67.jpg,Nanodomain,Nanodomain,0.9817014,0.013977629,0.9817014,0.0043210373
testing68.jpg,Nanodomain,Nanodomain,0.9779719,0.017489288,0.9779719,0.004538823
testing69.jpg,Nanodomain,Nanodomain,0.99701285,0.0022003723,0.99701285,0.0007868437
testing70.jpg,Nanodomain,Nanodomain,0.9954594,0.0029562844,0.9954594,0.0015843089
testing71.jpg,Nanodomain,Nanodomain,0.9808786,0.014940845,0.9808786,0.0041806335
testing72.jpg,Nanodomain,Nanodomain,0.99725854,0.0018560888,0.99725854,0.0008853452
testing73.jpg,Nanodomain,Nanodomain,0.9955722,0.0031384588,0.9955722,0.0012893648
testing74.jpg,Nanodomain,Nanodomain,0.9767055,0.018121324,0.9767055,0.00517326
testing75.jpg,Nanodomain,Nanodomain,0.9913147,0.0062860604,0.9913147,0.0023992653
testing76.jpg,Nanodomain,Nanodomain,0.99729615,0.00177584,0.99729615,0.00092800683
testing77.jpg,Nanodomain,Nanodomain,0.9972132,0.0018308718,0.9972132,0.00095606496
testing78.jpg,Nanodomain,Nanodomain,0.99049324,0.0066322493,0.99049324,0.0028746084
testing79.jpg,Nanodomain,Nanodomain,0.99794024,0.0012662889,0.99794024,0.00079353695
testing80.jpg,Nanodomain,Nanodomain,0.976539,0.01836434,0.976539,0.0050966213
testing81.jpg,Nanodomain,Nanodomain,0.9920757,0.0057241158,0.9920757,0.0022001858
testing82.jpg,Nanodomain,Nanodomain,0.9989569,0.00073013525,0.9989569,0.00031290742
testing83.jpg,Nanodomain,Nanodomain,0.9805248,0.013974542,0.9805248,0.005500675
testing84.jpg,Nanodomain,Nanodomain,0.99519366,0.003134193,0.99519366,0.0016722144
testing85.jpg,Nanodomain,Nanodomain,0.99281114,0.005316586,0.99281114,0.0018722191
testing86.jpg,Nanodomain,Nanodomain,0.97549236,0.019518945,0.97549236,0.0049886936
testing87.jpg,Nanodomain,Nanodomain,0.9939553,0.004248662,0.9939553,0.0017960353
testing88.jpg,Nanodomain,Nanodomain,0.9984848,0.00095313793,0.9984848,0.00056207716
testing89.jpg,Nanodomain,Nanodomain,0.99359596,0.004634981,0.99359596,0.0017690082
testing90.jpg,Nanodomain,Nanodomain,0.9916869,0.0060470123,0.9916869,0.0022661553
testing91.jpg,Nanodomain,Nanodomain,0.97844714,0.016241638,0.97844714,0.0053112437
testing92.jpg,Nanodomain,Nanodomain,0.99854904,0.0006375902,0.99854904,0.0008133559
testing93.jpg,Nanodomain,Nanodomain,0.98281384,0.013393727,0.98281384,0.0037924666
testing94.jpg,Nanodomain,Nanodomain,0.9973732,0.001700581,0.9973732,0.0009261678
testing95.jpg,Nanodomain,Nanodomain,0.99734855,0.0017965622,0.99734855,0.00085485773
testing96.jpg,Nanodomain,Nanodomain,0.9858088,0.010324509,0.9858088,0.0038666506
testing97.jpg,Nanodomain,Nanodomain,0.9991221,0.000601474,0.9991221,0.00027639174
testing98.jpg,Nanodomain,Nanodomain,0.99507266,0.0032072314,0.99507266,0.001720144
testing99.jpg,Nanodomain,Nanodomain,0.9361656,0.053982545,0.9361656,0.009851894
testing100.jpg,Nanodomain,Nanodomain,0.99902666,0.0006858509,0.99902666,0.00028754093
testing101.jpg,Nanodomain,Nanodomain,0.9861981,0.009499458,0.9861981,0.0043025045
testing102.jpg,Nanodomain,Nanodomain,0.99903345,0.0006908585,0.99903345,0.00027568202
testing103.jpg,Nanodomain,Nanodomain,0.98071927,0.014488569,0.98071927,0.0047922
testing104.jpg,Nanodomain,Nanodomain,0.9944945,0.0038931596,0.9944945,0.0016123713
testing105.jpg,Nanodomain,Nanodomain,0.98942995,0.007618064,0.98942995,0.0029519445
testing106.jpg,Nanodomain,Nanodomain,0.9986197,0.00096973026,0.9986197,0.00041054675
testing107.jpg,Nanodomain,Nanodomain,0.9745895,0.019935684,0.9745895,0.005474752
testing108.jpg,Nanodomain,Nanodomain,0.9992582,0.00051733776,0.9992582,0.0002244177
testing109.jpg,Nanodomain,Nanodomain,0.99456406,0.0035993645,0.99456406,0.0018365207
testing110.jpg,Nanodomain,Nanodomain,0.9793737,0.016290236,0.9793737,0.004336058
testing111.jpg,Nanodomain,Nanodomain,0.99611735,0.002417612,0.99611735,0.0014651084
testing112.jpg,Nanodomain,Nanodomain,0.99368227,0.004492562,0.99368227,0.0018251436
testing113.jpg,Nanodomain,Nanodomain,0.98043424,0.015506242,0.98043424,0.004059468
testing114.jpg,Nanodomain,Nanodomain,0.98478496,0.010985981,0.98478496,0.004229063
testing115.jpg,Nanodomain,Nanodomain,0.9686049,0.023156684,0.9686049,0.008238289
testing116.jpg,Nanodomain,Nanodomain,0.9765178,0.018578637,0.9765178,0.004903562
testing117.jpg,Nanodomain,Nanodomain,0.9761302,0.017347235,0.9761302,0.0065225298
testing118.jpg,Nanodomain,Nanodomain,0.9889685,0.0079172235,0.9889685,0.0031143352
testing119.jpg,Nanodomain,Nanodomain,0.9990709,0.0006487604,0.9990709,0.00028035458
testing120.jpg,Nanodomain,Nanodomain,0.99667126,0.002345754,0.99667126,0.000983019
testing121.jpg,Nanodomain,Nanodomain,0.9939175,0.004394779,0.9939175,0.0016876722
testing122.jpg,Nanodomain,Nanodomain,0.9899031,0.0072257277,0.9899031,0.00287118
testing123.jpg,Nanodomain,Nanodomain,0.97489923,0.019447666,0.97489923,0.0056530987
testing124.jpg,Nanodomain,Nanodomain,0.99861884,0.0009716193,0.99861884,0.00040953653
testing125.jpg,Nanodomain,Nanodomain,0.9912866,0.006229819,0.9912866,0.0024835612
testing126.jpg,Nanodomain,Nanodomain,0.9783546,0.015951045,0.9783546,0.0056943805
testing127.jpg,Nanodomain,Nanodomain,0.97110015,0.022934565,0.97110015,0.005965244
testing128.jpg,Nanodomain,Nanodomain,0.9965545,0.0024455,0.9965545,0.001000067
testing129.jpg,Nanodomain,Nanodomain,0.99894685,0.0007470162,0.99894685,0.00030621953
testing130.jpg,Nanodomain,Nanodomain,0.9991949,0.00044618943,0.9991949,0.00035893722
testing131.jpg,Nanodomain,Nanodomain,0.9965879,0.0023170852,0.9965879,0.0010950465
testing132.jpg,Nanodomain,Nanodomain,0.974276,0.019615,0.974276,0.0061089983
testing133.jpg,Nanodomain,Nanodomain,0.99027514,0.0070860717,0.99027514,0.0026388
testing134.jpg,Nanodomain,Nanodomain,0.9763989,0.017942015,0.9763989,0.0056589954
testing135.jpg,Nanodomain,Nanodomain,0.9812041,0.014602834,0.9812041,0.004193079
testing136.jpg,Nanodomain,Nanodomain,0.9988606,0.0008746018,0.9988606,0.00026486802
testing137.jpg,Nanodomain,Nanodomain,0.9754512,0.019209124,0.9754512,0.0053397524
testing138.jpg,Nanodomain,Nanodomain,0.9895355,0.0071872724,0.9895355,0.0032771833
testing139.jpg,Nanodomain,Nanodomain,0.99798596,0.0013513865,0.99798596,0.00066260423
testing140.jpg,Nanodomain,Nanodomain,0.9925276,0.005388446,0.9925276,0.0020839
testing141.jpg,Nanodomain,Nanodomain,0.9989937,0.0005671419,0.9989937,0.0004391979
testing142.jpg,Nanodomain,Nanodomain,0.9787906,0.016022032,0.9787906,0.005187437
testing143.jpg,Nanodomain,Nanodomain,0.99949956,0.00031932537,0.99949956,0.00018111184
testing144.jpg,Nanodomain,Nanodomain,0.9986798,0.00083392335,0.9986798,0.000486227
testing145.jpg,Nanodomain,Nanodomain,0.9985827,0.00087927375,0.9985827,0.0005380046
testing146.jpg,Nanodomain,Nanodomain,0.986024,0.009885997,0.986024,0.004090073
testing147.jpg,Nanodomain,Nanodomain,0.99562246,0.0029778795,0.99562246,0.0013996662
testing148.jpg,Nanodomain,Nanodomain,0.99658304,0.0023004198,0.99658304,0.0011166155
testing149.jpg,Nanodomain,Nanodomain,0.9919003,0.00575804,0.9919003,0.0023416537
testing150.jpg,Nanodomain,Nanodomain,0.99789536,0.0014322696,0.99789536,0.00067236857
testing151.jpg,Nanodomain,Nanodomain,0.99882513,0.00082930725,0.99882513,0.00034559082
testing152.jpg,Nanodomain,Nanodomain,0.9675134,0.02518281,0.9675134,0.007303815
testing153.jpg,Nanodomain,Nanodomain,0.97302544,0.02092096,0.97302544,0.006053648
testing154.jpg,Nanodomain,Nanodomain,0.997547,0.0016558501,0.997547,0.0007972198
testing155.jpg,Nanodomain,Nanodomain,0.9790405,0.016963894,0.9790405,0.00399559
testing156.jpg,Nanodomain,Nanodomain,0.9951201,0.0031684968,0.9951201,0.00171138
testing157.jpg,Nanodomain,Nanodomain,0.98357105,0.012749932,0.98357105,0.0036790292
testing158.jpg,Nanodomain,Nanodomain,0.99172217,0.0060221273,0.99172217,0.002255634
testing159.jpg,Nanodomain,Nanodomain,0.9793003,0.01674858,0.9793003,0.0039511537
testing160.jpg,Nanodomain,Nanodomain,0.99527836,0.003376311,0.99527836,0.0013453527
testing161.jpg,Nanodomain,Nanodomain,0.99512464,0.0035262671,0.99512464,0.0013491893
testing162.jpg,Nanodomain,Nanodomain,0.99618334,0.002766689,0.99618334,0.0010499575
testing163.jpg,Nanodomain,Nanodomain,0.98272175,0.012839924,0.98272175,0.004438337
testing164.jpg,Nanodomain,Nanodomain,0.9971892,0.0019266809,0.9971892,0.00088406703
testing165.jpg,Nanodomain,Nanodomain,0.99827707,0.0011459385,0.99827707,0.00057704805
testing166.jpg,Nanodomain,Nanodomain,0.9916271,0.0060640126,0.9916271,0.0023088509
testing167.jpg,Nanodomain,Nanodomain,0.99600804,0.002656325,0.99600804,0.0013356778
testing168.jpg,Nanodomain,Nanodomain,0.99869967,0.0008263249,0.99869967,0.00047398746
testing169.jpg,Nanodomain,Nanodomain,0.9984975,0.0010435457,0.9984975,0.00045902503
testing170.jpg,Nanodomain,Nanodomain,0.98144215,0.014056109,0.98144215,0.00450169
testing171.jpg,Nanodomain,Nanodomain,0.9700705,0.023970002,0.9700705,0.0059595155
testing172.jpg,Nanodomain,Nanodomain,0.9989728,0.00061157387,0.9989728,0.0004156313
testing173.jpg,Nanodomain,Nanodomain,0.99572456,0.0029516215,0.99572456,0.001323858
testing174.jpg,Nanodomain,Nanodomain,0.9949418,0.0036620786,0.9949418,0.0013961226
testing175.jpg,Nanodomain,Nanodomain,0.9759093,0.018794978,0.9759093,0.005295639
testing176.jpg,Nanodomain,Nanodomain,0.995469,0.0030913777,0.995469,0.0014397124
testing177.jpg,Nanodomain,Nanodomain,0.9964671,0.002298785,0.9964671,0.0012340316
testing178.jpg,Nanodomain,Nanodomain,0.99903834,0.00053222186,0.99903834,0.0004294202
testing179.jpg,Nanodomain,Nanodomain,0.99308276,0.005043689,0.99308276,0.0018735487
testing180.jpg,Nanodomain,Nanodomain,0.9926146,0.0053186975,0.9926146,0.0020667778
testing181.jpg,Nanodomain,Nanodomain,0.976008,0.018981647,0.976008,0.005010374
testing182.jpg,Nanodomain,Nanodomain,0.9776483,0.01759902,0.9776483,0.0047526327
testing183.jpg,Nanodomain,Nanodomain,0.9988944,0.00074960996,0.9988944,0.00035600134
testing184.jpg,Nanodomain,Nanodomain,0.9893854,0.00757439,0.9893854,0.0030402713
testing185.jpg,Nanodomain,Nanodomain,0.9969452,0.0020891496,0.9969452,0.0009656602
testing186.jpg,Nanodomain,Nanodomain,0.99895465,0.00072695356,0.99895465,0.00031834876
testing187.jpg,Nanodomain,Nanodomain,0.99943537,0.00034984597,0.99943537,0.00021481277
testing188.jpg,Nanodomain,Nanodomain,0.9949437,0.0035874578,0.9949437,0.0014687922
testing189.jpg,Nanodomain,Nanodomain,0.99644035,0.0023944713,0.99644035,0.0011651173
testing190.jpg,Nanodomain,Nanodomain,0.9987006,0.00089757895,0.9987006,0.00040185038
testing191.jpg,Nanodomain,Nanodomain,0.9977841,0.0014573213,0.9977841,0.0007585729
testing192.jpg,Nanodomain,Nanodomain,0.9948901,0.0037236698,0.9948901,0.0013861934
testing193.jpg,Nanodomain,Nanodomain,0.99858177,0.0009445824,0.99858177,0.00047367896
testing194.jpg,Nanodomain,Nanodomain,0.99856156,0.00096316746,0.99856156,0.00047537088
testing195.jpg,Nanodomain,Nanodomain,0.9697313,0.02371259,0.9697313,0.0065561845
testing196.jpg,Nanodomain,Nanodomain,0.99879956,0.00068518124,0.99879956,0.0005152391
testing197.jpg,Nanodomain,Nanodomain,0.99862874,0.00079672795,0.99862874,0.0005745634
testing198.jpg,Nanodomain,Nanodomain,0.99912184,0.0005935777,0.99912184,0.00028449166
testing199.jpg,Nanodomain,Nanodomain,0.99501747,0.0033348748,0.99501747,0.0016476333
testing200.jpg,Nanodomain,Nanodomain,0.99902666,0.0005861193,0.99902666,0.0003872154
testing201.jpg,Nanodomain,Nanodomain,0.98634213,0.0096364785,0.98634213,0.0040213787
testing202.jpg,Nanodomain,Nanodomain,0.9701179,0.022961836,0.9701179,0.006920222
testing203.jpg,Nanodomain,Nanodomain,0.9937981,0.004323796,0.9937981,0.0018781122
testing204.jpg,Nanodomain,Nanodomain,0.9844114,0.012080508,0.9844114,0.0035080928
testing205.jpg,Nanodomain,Nanodomain,0.96554726,0.026416752,0.96554726,0.008035959
testing206.jpg,Nanodomain,Nanodomain,0.97610885,0.018311853,0.97610885,0.0055792844
testing207.jpg,Nanodomain,Nanodomain,0.99250656,0.0053929337,0.99250656,0.0021004232
testing208.jpg,Nanodomain,Nanodomain,0.9779855,0.01670878,0.9779855,0.005305827
testing209.jpg,Nanodomain,Nanodomain,0.99001557,0.0069775837,0.99001557,0.003006735
testing210.jpg,Nanodomain,Nanodomain,0.9975079,0.0017020894,0.9975079,0.0007899585
testing211.jpg,Nanodomain,Nanodomain,0.9984737,0.000988843,0.9984737,0.00053736597
testing212.jpg,Nanodomain,Nanodomain,0.9967625,0.0021815551,0.9967625,0.001055831
testing213.jpg,Nanodomain,Nanodomain,0.9929594,0.0049097096,0.9929594,0.0021309434
testing214.jpg,Nanodomain,Nanodomain,0.9886684,0.008208539,0.9886684,0.0031231618
testing215.jpg,Nanodomain,Nanodomain,0.98159915,0.013716029,0.98159915,0.0046848166
testing216.jpg,Nanodomain,Nanodomain,0.9906929,0.006519243,0.9906929,0.0027878773
testing217.jpg,Nanodomain,Nanodomain,0.99858,0.00087352516,0.99858,0.000546548
testing218.jpg,Nanodomain,Nanodomain,0.96638966,0.02668627,0.96638966,0.0069241165
testing219.jpg,Nanodomain,Nanodomain,0.9923677,0.005599749,0.9923677,0.0020325955
testing220.jpg,Nanodomain,Nanodomain,0.99571913,0.0029651069,0.99571913,0.0013157531
testing221.jpg,Nanodomain,Nanodomain,0.9809461,0.013561426,0.9809461,0.0054924325
testing222.jpg,Nanodomain,Nanodomain,0.9960328,0.0028626984,0.9960328,0.0011044946
testing223.jpg,Nanodomain,Nanodomain,0.9880696,0.008416238,0.9880696,0.0035141346
testing224.jpg,Nanodomain,Nanodomain,0.98300385,0.013026113,0.98300385,0.0039699976
testing225.jpg,Nanodomain,Nanodomain,0.97763765,0.017273229,0.97763765,0.0050891074
testing226.jpg,Nanodomain,Nanodomain,0.9930004,0.0047751525,0.9930004,0.0022245587
testing227.jpg,Nanodomain,Nanodomain,0.97014934,0.024225784,0.97014934,0.005624773
testing228.jpg,Nanodomain,Nanodomain,0.9989448,0.000727094,0.9989448,0.0003280331
testing229.jpg,Nanodomain,Nanodomain,0.993694,0.004560651,0.993694,0.0017454089
testing230.jpg,Nanodomain,Nanodomain,0.9990158,0.0006863303,0.9990158,0.00029786528
testing231.jpg,Nanodomain,Nanodomain,0.98456186,0.011594631,0.98456186,0.00384351
testing232.jpg,Nanodomain,Nanodomain,0.98977077,0.007394625,0.98977077,0.002834586
testing233.jpg,Nanodomain,Nanodomain,0.9946354,0.0039085536,0.9946354,0.0014560687
testing234.jpg,Nanodomain,Nanodomain,0.99309605,0.0046464377,0.99309605,0.0022575122
testing235.jpg,Nanodomain,Nanodomain,0.9937046,0.0041915476,0.9937046,0.00210383
testing236.jpg,Nanodomain,Nanodomain,0.9946477,0.0039601456,0.9946477,0.0013921857
testing237.jpg,Nanodomain,Nanodomain,0.99934095,0.00040464272,0.99934095,0.00025439583
testing238.jpg,Nanodomain,Nanodomain,0.9970696,0.0019542659,0.9970696,0.0009761228
testing239.jpg,Nanodomain,Nanodomain,0.99385554,0.004364648,0.99385554,0.0017797041
testing240.jpg,Nanodomain,Nanodomain,0.98212606,0.013139228,0.98212606,0.004734705
testing241.jpg,Nanodomain,Nanodomain,0.97424376,0.020396214,0.97424376,0.0053600348
testing242.jpg,Nanodomain,Nanodomain,0.97330743,0.020745425,0.97330743,0.005947065
testing243.jpg,Nanodomain,Nanodomain,0.99409086,0.0043428857,0.99409086,0.0015662625
testing244.jpg,Nanodomain,Nanodomain,0.97520375,0.019348651,0.97520375,0.0054475814
testing245.jpg,Nanodomain,Nanodomain,0.9926157,0.0053300443,0.9926157,0.0020542645
testing246.jpg,Nanodomain,Nanodomain,0.9973205,0.0017479204,0.9973205,0.0009316226
testing247.jpg,Nanodomain,Nanodomain,0.99464625,0.003750297,0.99464625,0.001603472
testing248.jpg,Nanodomain,Nanodomain,0.9982299,0.0011917142,0.9982299,0.0005782892
testing249.jpg,Nanodomain,Nanodomain,0.99058926,0.0071129138,0.99058926,0.00229783
testing250.jpg,Nanodomain,Nanodomain,0.999159,0.00048409193,0.999159,0.00035696317
testing251.jpg,Nanodomain,Nanodomain,0.9991223,0.00052318414,0.9991223,0.00035450803
testing252.jpg,Nanodomain,Nanodomain,0.9730747,0.021551935,0.9730747,0.0053734495
testing253.jpg,Nanodomain,Nanodomain,0.99158317,0.0055432264,0.99158317,0.0028736275
testing254.jpg,Nanodomain,Nanodomain,0.98431486,0.012090975,0.98431486,0.00359412
testing255.jpg,Nanodomain,Nanodomain,0.9963741,0.0026579301,0.9963741,0.0009679935
testing256.jpg,Nanodomain,Nanodomain,0.9826052,0.012683603,0.9826052,0.004711139
testing257.jpg,Nanodomain,Nanodomain,0.9764715,0.019154597,0.9764715,0.004373919
testing258.jpg,Nanodomain,Nanodomain,0.9850873,0.010544381,0.9850873,0.00436838
testing259.jpg,Nanodomain,Nanodomain,0.9977704,0.0015319482,0.9977704,0.00069757405
testing260.jpg,Nanodomain,Nanodomain,0.9700561,0.023108602,0.9700561,0.0068352474
testing261.jpg,Nanodomain,Nanodomain,0.96957046,0.023486927,0.96957046,0.006942681
testing262.jpg,Nanodomain,Nanodomain,0.9931359,0.004947601,0.9931359,0.0019165033
testing263.jpg,Nanodomain,Nanodomain,0.9953141,0.0029345797,0.9953141,0.0017513017
testing264.jpg,Nanodomain,Nanodomain,0.96801656,0.025265072,0.96801656,0.006718373
testing265.jpg,Nanodomain,Nanodomain,0.97570485,0.019403407,0.97570485,0.0048917853
testing266.jpg,Nanodomain,Nanodomain,0.99816376,0.0011606966,0.99816376,0.0006754731
testing267.jpg,Nanodomain,Nanodomain,0.9883498,0.0081885625,0.9883498,0.0034616275
testing268.jpg,Nanodomain,Nanodomain,0.99371356,0.004263357,0.99371356,0.0020230028
testing269.jpg,Nanodomain,Nanodomain,0.9846651,0.011117545,0.9846651,0.0042173387
testing270.jpg,Nanodomain,Nanodomain,0.97483486,0.020116633,0.97483486,0.0050484994
testing271.jpg,Nanodomain,Nanodomain,0.9868063,0.009390518,0.9868063,0.0038032432
testing272.jpg,Nanodomain,Nanodomain,0.9934523,0.004721923,0.9934523,0.0018258395
testing273.jpg,Nanodomain,Nanodomain,0.998672,0.0008725869,0.998672,0.00045539305
testing274.jpg,Nanodomain,Nanodomain,0.9978211,0.0014514148,0.9978211,0.00072753505
testing275.jpg,Nanodomain,Nanodomain,0.99926084,0.00045889916,0.99926084,0.000280252
testing276.jpg,Nanodomain,Nanodomain,0.97818166,0.017187642,0.97818166,0.0046307887
testing277.jpg,Nanodomain,Nanodomain,0.9732991,0.02117238,0.9732991,0.0055285
testing278.jpg,Nanodomain,Nanodomain,0.9622317,0.029705923,0.9622317,0.00806245
testing279.jpg,Nanodomain,Nanodomain,0.9990073,0.00067566265,0.9990073,0.00031696708
testing280.jpg,Nanodomain,Nanodomain,0.9993544,0.00037766164,0.9993544,0.00026793327
testing281.jpg,Nanodomain,Nanodomain,0.9963511,0.0025337276,0.9963511,0.0011152091
testing282.jpg,Nanodomain,Nanodomain,0.9855129,0.010817493,0.9855129,0.0036695264
testing283.jpg,Nanodomain,Nanodomain,0.99919075,0.0005255978,0.99919075,0.0002835559
testing284.jpg,Nanodomain,Nanodomain,0.9937236,0.004546971,0.9937236,0.0017293607
testing285.jpg,Nanodomain,Nanodomain,0.9993783,0.00036873273,0.9993783,0.00025295326
testing286.jpg,Nanodomain,Nanodomain,0.99915206,0.0005981092,0.99915206,0.00024982743
testing287.jpg,Nanodomain,Nanodomain,0.99524105,0.0031606634,0.99524105,0.0015983252
testing288.jpg,Nanodomain,Nanodomain,0.97998536,0.014646577,0.97998536,0.005367997
testing289.jpg,Nanodomain,Nanodomain,0.9980738,0.0010112303,0.9980738,0.0009149547
testing290.jpg,Nanodomain,Nanodomain,0.9990069,0.0006794781,0.9990069,0.00031356982
testing291.jpg,Nanodomain,Nanodomain,0.9992986,0.00041585768,0.9992986,0.00028557394
testing292.jpg,Nanodomain,Nanodomain,0.9874972,0.008834957,0.9874972,0.0036679157
testing293.jpg,Nanodomain,Nanodomain,0.9857334,0.010380348,0.9857334,0.0038862878
testing294.jpg,Nanodomain,Nanodomain,0.99813145,0.0012218391,0.99813145,0.0006467444
testing295.jpg,Nanodomain,Nanodomain,0.9991652,0.00058023375,0.9991652,0.00025464158
testing296.jpg,Nanodomain,Nanodomain,0.9865871,0.009753698,0.9865871,0.003659182
testing297.jpg,Nanodomain,Nanodomain,0.998154,0.00117657,0.998154,0.0006694355
testing298.jpg,Nanodomain,Nanodomain,0.9985176,0.00096080767,0.9985176,0.0005216054
testing299.jpg,Nanodomain,Nanodomain,0.9990515,0.00058468466,0.9990515,0.00036387736
testing300.jpg,Nanodomain,Nanodomain,0.99441683,0.003965123,0.99441683,0.0016179575
testing301.jpg,Intermediate,Intermediate,0.9991684,0.9991684,9.116412e-05,0.0007404893
testing302.jpg,Intermediate,Intermediate,0.999438,0.999438,7.2917726e-05,0.0004890234
testing303.jpg,Intermediate,Intermediate,0.99878186,0.99878186,0.00013169945,0.001086407
testing304.jpg,Intermediate,Intermediate,0.9970637,0.9970637,0.0002925077,0.0026438222
testing305.jpg,Intermediate,Intermediate,0.99934524,0.99934524,8.0866164e-05,0.00057383406
testing306.jpg,Intermediate,Intermediate,0.99349606,0.99349606,0.0010510236,0.0054529244
testing307.jpg,Intermediate,Intermediate,0.9990307,0.9990307,0.00010807062,0.00086126174
testing308.jpg,Intermediate,Intermediate,0.9982773,0.9982773,0.00018458128,0.0015381144
testing309.jpg,Intermediate,Intermediate,0.99041533,0.99041533,0.0009764133,0.008608242
testing310.jpg,Intermediate,Intermediate,0.9916161,0.9916161,0.0005902922,0.0077935373
testing311.jpg,Intermediate,Intermediate,0.9969369,0.9969369,0.00045645074,0.0026066194
testing312.jpg,Intermediate,Intermediate,0.99888915,0.99888915,0.00013691947,0.00097391655
testing313.jpg,Intermediate,Intermediate,0.9985348,0.9985348,0.00014745737,0.0013177108
testing314.jpg,Intermediate,Intermediate,0.9995307,0.9995307,5.5102228e-05,0.0004142937
testing315.jpg,Intermediate,Intermediate,0.9991722,0.9991722,9.855584e-05,0.00072934217
testing316.jpg,Intermediate,Intermediate,0.9993266,0.9993266,8.539951e-05,0.0005880292
testing317.jpg,Intermediate,Intermediate,0.99690896,0.99690896,0.00041468328,0.0026763894
testing318.jpg,Intermediate,Intermediate,0.99830675,0.99830675,0.00019020654,0.0015030772
testing319.jpg,Intermediate,Intermediate,0.9947701,0.9947701,0.0011223763,0.0041075046
testing320.jpg,Intermediate,Intermediate,0.9994815,0.9994815,6.0351016e-05,0.0004581315
testing321.jpg,Intermediate,Intermediate,0.9979505,0.9979505,0.00020162457,0.0018479232
testing322.jpg,Intermediate,Intermediate,0.9974437,0.9974437,0.00058675674,0.0019695403
testing323.jpg,Intermediate,Intermediate,0.9981451,0.9981451,0.00017118893,0.0016836865
testing324.jpg,Intermediate,Intermediate,0.9982108,0.9982108,0.00024176853,0.001547411
testing325.jpg,Intermediate,Intermediate,0.9992699,0.9992699,8.585277e-05,0.0006442078
testing326.jpg,Intermediate,Intermediate,0.99577004,0.99577004,0.0007472977,0.0034827122
testing327.jpg,Intermediate,Intermediate,0.99906784,0.99906784,0.000115141454,0.0008170376
testing328.jpg,Intermediate,Intermediate,0.99919707,0.99919707,0.00010171723,0.0007011946
testing329.jpg,Intermediate,Intermediate,0.9988871,0.9988871,0.00014303716,0.00096984097
testing330.jpg,Intermediate,Intermediate,0.9990324,0.9990324,0.00010691284,0.0008607389
testing331.jpg,Intermediate,Intermediate,0.9994136,0.9994136,8.048692e-05,0.0005058745
testing332.jpg,Intermediate,Intermediate,0.9891403,0.9891403,0.00086552976,0.009994232
testing333.jpg,Intermediate,Intermediate,0.9992055,0.9992055,9.3307586e-05,0.0007012253
testing334.jpg,Intermediate,Intermediate,0.99879044,0.99879044,0.00015207818,0.0010575306
testing335.jpg,Intermediate,Intermediate,0.9993395,0.9993395,7.952754e-05,0.0005808591
testing336.jpg,Intermediate,Intermediate,0.99766207,0.99766207,0.00039902367,0.0019389
testing337.jpg,Intermediate,Intermediate,0.9696181,0.9696181,0.022010252,0.008371618
testing338.jpg,Intermediate,Intermediate,0.9992192,0.9992192,9.837689e-05,0.0006824211
testing339.jpg,Intermediate,Intermediate,0.9989305,0.9989305,0.00013755336,0.00093193486
testing340.jpg,Intermediate,Intermediate,0.99938726,0.99938726,7.071297e-05,0.0005419037
testing341.jpg,Intermediate,Intermediate,0.9984224,0.9984224,0.00020687259,0.0013707526
testing342.jpg,Intermediate,Intermediate,0.99947745,0.99947745,6.453873e-05,0.00045797892
testing343.jpg,Intermediate,Intermediate,0.99842465,0.99842465,0.00016913896,0.0014061901
testing344.jpg,Intermediate,Intermediate,0.9980318,0.9980318,0.00020771466,0.0017604944
testing345.jpg,Intermediate,Intermediate,0.99884486,0.99884486,0.00011142897,0.0010436554
testing346.jpg,Intermediate,Intermediate,0.99764866,0.99764866,0.00020618204,0.002145127
testing347.jpg,Intermediate,Intermediate,0.9988796,0.9988796,0.0001275967,0.000992755
testing348.jpg,Intermediate,Intermediate,0.9994498,0.9994498,6.383358e-05,0.00048636366
testing349.jpg,Intermediate,Intermediate,0.9986634,0.9986634,0.0001429146,0.0011937416
testing350.jpg,Intermediate,Intermediate,0.9985979,0.9985979,0.00015179734,0.0012503425
testing351.jpg,Intermediate,Intermediate,0.99757713,0.99757713,0.00018354584,0.0022393325
testing352.jpg,Intermediate,Intermediate,0.99787307,0.99787307,0.00020290301,0.0019239329
testing353.jpg,Intermediate,Intermediate,0.99898833,0.99898833,0.00013304474,0.00087859714
testing354.jpg,Intermediate,Intermediate,0.9992549,0.9992549,8.645553e-05,0.0006586596
testing355.jpg,Intermediate,Intermediate,0.9979394,0.9979394,0.000253861,0.0018067082
testing356.jpg,Intermediate,Intermediate,0.99932337,0.99932337,8.814893e-05,0.0005884786
testing357.jpg,Intermediate,Intermediate,0.99840564,0.99840564,0.00017533144,0.0014190365
testing358.jpg,Intermediate,Intermediate,0.9965429,0.9965429,0.0006015054,0.002855704
testing359.jpg,Intermediate,Intermediate,0.9957682,0.9957682,0.0016170505,0.0026148132
testing360.jpg,Intermediate,Intermediate,0.9991019,0.9991019,0.00010148536,0.00079661526
testing361.jpg,Intermediate,Intermediate,0.99924636,0.99924636,0.00010036949,0.00065325253
testing362.jpg,Intermediate,Intermediate,0.99917185,0.99917185,9.5362724e-05,0.0007327766
testing363.jpg,Intermediate,Intermediate,0.99956435,0.99956435,5.4619348e-05,0.00038100765
testing364.jpg,Intermediate,Intermediate,0.99921143,0.99921143,9.9002384e-05,0.0006896097
testing365.jpg,Intermediate,Intermediate,0.99928635,0.99928635,8.2219514e-05,0.000631475
testing366.jpg,Intermediate,Intermediate,0.998486,0.998486,0.00015624017,0.0013577185
testing367.jpg,Intermediate,Intermediate,0.9994035,0.9994035,8.139789e-05,0.00051520806
testing368.jpg,Intermediate,Intermediate,0.99920696,0.99920696,9.218548e-05,0.0007008151
testing369.jpg,Intermediate,Intermediate,0.997592,0.997592,0.0002290066,0.0021789887
testing370.jpg,Intermediate,Intermediate,0.99776506,0.99776506,0.00030537575,0.0019296227
testing371.jpg,Intermediate,Intermediate,0.9988746,0.9988746,0.0001183455,0.0010070425
testing372.jpg,Intermediate,Intermediate,0.9980259,0.9980259,0.00020340006,0.0017706498
testing373.jpg,Intermediate,Intermediate,0.9987507,0.9987507,0.00016912936,0.0010801664
testing374.jpg,Intermediate,Intermediate,0.9982134,0.9982134,0.00017270671,0.0016139427
testing375.jpg,Intermediate,Intermediate,0.93029904,0.93029904,0.0016014031,0.06809949
testing376.jpg,Intermediate,Intermediate,0.9980465,0.9980465,0.00018961569,0.001763816
testing377.jpg,Intermediate,Intermediate,0.9993305,0.9993305,7.8644254e-05,0.00059086015
testing378.jpg,Intermediate,Intermediate,0.99790287,0.99790287,0.0002318824,0.0018652802
testing379.jpg,Intermediate,Intermediate,0.99929774,0.99929774,8.4216575e-05,0.0006179703
testing380.jpg,Intermediate,Intermediate,0.9992219,0.9992219,9.345624e-05,0.00068457896
testing381.jpg,Intermediate,Intermediate,0.996732,0.996732,0.00042358335,0.0028443832
testing382.jpg,Intermediate,Intermediate,0.9992125,0.9992125,9.1193535e-05,0.000696187
testing383.jpg,Intermediate,Intermediate,0.99872726,0.99872726,0.00014301631,0.001129679
testing384.jpg,Intermediate,Intermediate,0.9991689,0.9991689,0.00010463911,0.00072643225
testing385.jpg,Intermediate,Intermediate,0.998393,0.998393,0.00032127893,0.0012857177
testing386.jpg,Intermediate,Intermediate,0.99876237,0.99876237,0.00014791935,0.0010897755
testing387.jpg,Intermediate,Intermediate,0.9981651,0.9981651,0.00016657427,0.0016683127
testing388.jpg,Intermediate,Intermediate,0.99773186,0.99773186,0.0002063387,0.0020618304
testing389.jpg,Intermediate,Intermediate,0.9992957,0.9992957,8.093962e-05,0.0006234193
testing390.jpg,Intermediate,Intermediate,0.99849033,0.99849033,0.00017535737,0.0013343589
testing391.jpg,Intermediate,Intermediate,0.9983541,0.9983541,0.00018127367,0.0014647043
testing392.jpg,Intermediate,Intermediate,0.99933857,0.99933857,8.242126e-05,0.00057902344
testing393.jpg,Intermediate,Intermediate,0.99949837,0.99949837,7.221739e-05,0.00042937387
testing394.jpg,Intermediate,Intermediate,0.9978389,0.9978389,0.00030032886,0.0018608076
testing395.jpg,Intermediate,Intermediate,0.9976094,0.9976094,0.00024786426,0.0021428221
testing396.jpg,Intermediate,Intermediate,0.99724114,0.99724114,0.00055466755,0.0022041835
testing397.jpg,Intermediate,Intermediate,0.9981832,0.9981832,0.0001814564,0.0016352803
testing398.jpg,Intermediate,Intermediate,0.9704093,0.9704093,0.006093652,0.023497006
testing399.jpg,Intermediate,Intermediate,0.9988175,0.9988175,0.00014906598,0.0010334409
testing400.jpg,Intermediate,Intermediate,0.9979918,0.9979918,0.00020976606,0.0017984146
testing401.jpg,Intermediate,Intermediate,0.9963098,0.9963098,0.00035366436,0.0033364657
testing402.jpg,Intermediate,Intermediate,0.9973152,0.9973152,0.00032165003,0.002363197
testing403.jpg,Intermediate,Intermediate,0.99899083,0.99899083,0.00013195787,0.00087720156
testing404.jpg,Intermediate,Intermediate,0.99950683,0.99950683,6.017019e-05,0.00043301846
testing405.jpg,Intermediate,Intermediate,0.99765813,0.99765813,0.00020820957,0.0021336596
testing406.jpg,Intermediate,Intermediate,0.632717,0.632717,0.005205084,0.36207792
testing407.jpg,Intermediate,Intermediate,0.9721124,0.9721124,0.020525128,0.0073623387
testing408.jpg,Intermediate,Intermediate,0.98214275,0.98214275,0.0013738736,0.016483447
testing409.jpg,Intermediate,Intermediate,0.9935021,0.9935021,0.00045441327,0.006043465
testing410.jpg,Intermediate,Intermediate,0.9842291,0.9842291,0.007664474,0.008106465
testing411.jpg,Intermediate,Intermediate,0.99785244,0.99785244,0.00022965239,0.0019179202
testing412.jpg,Intermediate,Intermediate,0.99621755,0.99621755,0.00031089236,0.0034715545
testing413.jpg,Intermediate,Intermediate,0.99930954,0.99930954,8.586928e-05,0.0006046171
testing414.jpg,Intermediate,Intermediate,0.99635494,0.99635494,0.00022284887,0.0034222242
testing415.jpg,Intermediate,Intermediate,0.998718,0.998718,0.00012485868,0.0011571395
testing416.jpg,Intermediate,Intermediate,0.9980515,0.9980515,0.00018957452,0.0017590062
testing417.jpg,Intermediate,Intermediate,0.99908495,0.99908495,9.805544e-05,0.00081706204
testing418.jpg,Intermediate,Intermediate,0.99773276,0.99773276,0.00021874273,0.002048483
testing419.jpg,Intermediate,Intermediate,0.9987459,0.9987459,0.0001271266,0.001126882
testing420.jpg,Intermediate,Intermediate,0.9957847,0.9957847,0.00062467734,0.0035906173
testing421.jpg,Intermediate,Intermediate,0.99801517,0.99801517,0.00016886045,0.0018159491
testing422.jpg,Intermediate,Intermediate,0.9995042,0.9995042,6.271222e-05,0.0004330654
testing423.jpg,Intermediate,Intermediate,0.9993173,0.9993173,7.471966e-05,0.00060802617
testing424.jpg,Intermediate,Intermediate,0.999403,0.999403,6.8537454e-05,0.0005285117
testing425.jpg,Intermediate,Intermediate,0.9974923,0.9974923,0.00020215606,0.0023055112
testing426.jpg,Intermediate,Intermediate,0.9992568,0.9992568,9.538721e-05,0.00064781826
testing427.jpg,Intermediate,Intermediate,0.99951553,0.99951553,6.442263e-05,0.00042002404
testing428.jpg,Intermediate,Intermediate,0.9993204,0.9993204,7.851082e-05,0.0006010879
testing429.jpg,Intermediate,Intermediate,0.9981949,0.9981949,0.000144747,0.0016604703
testing430.jpg,Intermediate,Intermediate,0.99900776,0.99900776,0.000117808784,0.000874468
testing431.jpg,Intermediate,Intermediate,0.99698776,0.99698776,0.0006648236,0.002347411
testing432.jpg,Intermediate,Intermediate,0.9979419,0.9979419,0.00022438129,0.0018336913
testing433.jpg,Intermediate,Intermediate,0.99816304,0.99816304,0.0001871211,0.0016497938
testing434.jpg,Intermediate,Intermediate,0.9980386,0.9980386,0.0002533423,0.0017080964
testing435.jpg,Intermediate,Intermediate,0.99652416,0.99652416,0.0009603739,0.0025154673
testing436.jpg,Intermediate,Intermediate,0.99917895,0.99917895,9.2423295e-05,0.00072858937
testing437.jpg,Intermediate,Intermediate,0.99772745,0.99772745,0.00030325208,0.0019692364
testing438.jpg,Intermediate,Intermediate,0.99637765,0.99637765,0.0012924974,0.0023297756
testing439.jpg,Intermediate,Intermediate,0.98252994,0.98252994,0.009071777,0.008398247
testing440.jpg,Intermediate,Intermediate,0.9971886,0.9971886,0.001044526,0.0017668065
testing441.jpg,Intermediate,Intermediate,0.9992181,0.9992181,9.746554e-05,0.0006844014
testing442.jpg,Intermediate,Intermediate,0.99756587,0.99756587,0.00037781967,0.0020563938
testing443.jpg,Intermediate,Intermediate,0.99933976,0.99933976,8.69845e-05,0.000573232
testing444.jpg,Intermediate,Intermediate,0.78867006,0.78867006,0.19218034,0.01914961
testing445.jpg,Intermediate,Intermediate,0.99752575,0.99752575,0.0003302455,0.002144055
testing446.jpg,Intermediate,Intermediate,0.99471164,0.99471164,0.00093896606,0.0043494767
testing447.jpg,Intermediate,Intermediate,0.9979936,0.9979936,0.00021817295,0.0017882128
testing448.jpg,Intermediate,Intermediate,0.99629444,0.99629444,0.0006231022,0.0030825476
testing449.jpg,Intermediate,Intermediate,0.9993043,0.9993043,8.507595e-05,0.0006106605
testing450.jpg,Intermediate,Intermediate,0.99814105,0.99814105,0.00017211086,0.001686874
testing451.jpg,Intermediate,Intermediate,0.9989243,0.9989243,0.00011780536,0.00095788273
testing452.jpg,Intermediate,Intermediate,0.9991074,0.9991074,0.00012498684,0.00076756184
testing453.jpg,Intermediate,Intermediate,0.99806553,0.99806553,0.00014421075,0.0017902657
testing454.jpg,Intermediate,Intermediate,0.99940777,0.99940777,6.715454e-05,0.00052503584
testing455.jpg,Intermediate,Intermediate,0.99833447,0.99833447,0.00017573792,0.0014897875
testing456.jpg,Intermediate,Intermediate,0.9974497,0.9974497,0.00032176243,0.0022284642
testing457.jpg,Intermediate,Intermediate,0.99823123,0.99823123,0.00018756038,0.0015812321
testing458.jpg,Intermediate,Intermediate,0.99910897,0.99910897,0.00010881547,0.0007821612
testing459.jpg,Intermediate,Intermediate,0.9971008,0.9971008,0.0002530772,0.0026461615
testing460.jpg,Intermediate,Intermediate,0.9975847,0.9975847,0.0004450424,0.0019703119
testing461.jpg,Intermediate,Intermediate,0.9973564,0.9973564,0.00020065026,0.0024428626
testing462.jpg,Intermediate,Intermediate,0.999534,0.999534,5.346865e-05,0.00041250145
testing463.jpg,Intermediate,Intermediate,0.99927634,0.99927634,9.255086e-05,0.00063115376
testing464.jpg,Intermediate,Intermediate,0.9992537,0.9992537,8.8773806e-05,0.00065760186
testing465.jpg,Intermediate,Intermediate,0.99939966,0.99939966,7.811038e-05,0.00052221416
testing466.jpg,Intermediate,Intermediate,0.9970715,0.9970715,0.00034531343,0.0025832178
testing467.jpg,Intermediate,Intermediate,0.99871767,0.99871767,0.00017239612,0.001109955
testing468.jpg,Intermediate,Intermediate,0.9994343,0.9994343,7.4577205e-05,0.0004910838
testing469.jpg,Intermediate,Intermediate,0.99929726,0.99929726,8.09755e-05,0.0006217539
testing470.jpg,Intermediate,Intermediate,0.99839157,0.99839157,0.00015484315,0.0014535664
testing471.jpg,Intermediate,Intermediate,0.9982351,0.9982351,0.00018338651,0.0015815399
testing472.jpg,Intermediate,Intermediate,0.9984232,0.9984232,0.00017455888,0.0014022196
testing473.jpg,Intermediate,Intermediate,0.99810565,0.99810565,0.00020571287,0.001688554
testing474.jpg,Intermediate,Intermediate,0.99676394,0.99676394,0.0008408572,0.002395097
testing475.jpg,Intermediate,Intermediate,0.9990194,0.9990194,0.00013233845,0.0008482408
testing476.jpg,Intermediate,Intermediate,0.99541473,0.99541473,0.0021946447,0.0023906338
testing477.jpg,Intermediate,Intermediate,0.99837154,0.99837154,0.00017424482,0.0014542561
testing478.jpg,Intermediate,Intermediate,0.99802893,0.99802893,0.00023783489,0.0017332345
testing479.jpg,Intermediate,Intermediate,0.99950874,0.99950874,5.968902e-05,0.000431514
testing480.jpg,Intermediate,Intermediate,0.9978388,0.9978388,0.0004585385,0.0017026474
testing481.jpg,Intermediate,Intermediate,0.9985165,0.9985165,0.00014444083,0.0013390845
testing482.jpg,Intermediate,Intermediate,0.9980258,0.9980258,0.00027704198,0.0016971832
testing483.jpg,Intermediate,Intermediate,0.9961093,0.9961093,0.00030441926,0.003586289
testing484.jpg,Intermediate,Intermediate,0.9987602,0.9987602,0.00013878106,0.0011009676
testing485.jpg,Intermediate,Intermediate,0.9952922,0.9952922,0.001641464,0.0030662958
testing486.jpg,Intermediate,Intermediate,0.9927543,0.9927543,0.00050008897,0.0067455475
testing487.jpg,Intermediate,Intermediate,0.9994904,0.9994904,6.354795e-05,0.00044607837
testing488.jpg,Intermediate,Intermediate,0.99940395,0.99940395,7.083226e-05,0.00052518
testing489.jpg,Intermediate,Intermediate,0.99811906,0.99811906,0.00023167269,0.0016492131
testing490.jpg,Intermediate,Intermediate,0.9970251,0.9970251,0.0006061411,0.0023687675
testing491.jpg,Intermediate,Intermediate,0.99810696,0.99810696,0.0002729673,0.0016200326
testing492.jpg,Intermediate,Intermediate,0.9969887,0.9969887,0.00027192218,0.0027393352
testing493.jpg,Intermediate,Intermediate,0.9993154,0.9993154,8.6540706e-05,0.0005981773
testing494.jpg,Intermediate,Intermediate,0.9991411,0.9991411,9.636211e-05,0.00076256227
testing495.jpg,Intermediate,Intermediate,0.99867034,0.99867034,0.00012232742,0.0012073371
testing496.jpg,Intermediate,Intermediate,0.99885833,0.99885833,0.00012485834,0.0010168145
testing497.jpg,Intermediate,Intermediate,0.99664104,0.99664104,0.0002924216,0.0030665551
testing498.jpg,Intermediate,Intermediate,0.9984811,0.9984811,0.00016329138,0.0013556037
testing499.jpg,Intermediate,Intermediate,0.9992144,0.9992144,9.6656455e-05,0.00068898656
testing500.jpg,Intermediate,Intermediate,0.9955289,0.9955289,0.00031923584,0.0041518896
testing501.jpg,Intermediate,Intermediate,0.99877924,0.99877924,0.00012571095,0.0010950514
testing502.jpg,Intermediate,Outside,0.8482922,0.14751165,0.0041961162,0.8482922
testing503.jpg,Intermediate,Intermediate,0.99519485,0.99519485,0.0014158537,0.003389288
testing504.jpg,Intermediate,Intermediate,0.99910885,0.99910885,0.00010064888,0.00079051167
testing505.jpg,Intermediate,Intermediate,0.99794966,0.99794966,0.00018881886,0.0018615051
testing506.jpg,Intermediate,Intermediate,0.99814546,0.99814546,0.00022239829,0.0016321321
testing507.jpg,Intermediate,Intermediate,0.99904996,0.99904996,0.00010039255,0.00084961276
testing508.jpg,Intermediate,Intermediate,0.9993395,0.9993395,8.8334746e-05,0.0005721401
testing509.jpg,Intermediate,Intermediate,0.9977405,0.9977405,0.0002240638,0.0020354455
testing510.jpg,Intermediate,Intermediate,0.9990332,0.9990332,0.00010349261,0.0008633498
testing511.jpg,Intermediate,Intermediate,0.99909675,0.99909675,0.000110741894,0.00079245365
testing512.jpg,Intermediate,Intermediate,0.9987294,0.9987294,0.00014552838,0.0011251445
testing513.jpg,Intermediate,Intermediate,0.99856746,0.99856746,0.00015284821,0.0012797078
testing514.jpg,Intermediate,Intermediate,0.9961538,0.9961538,0.0006906321,0.0031555276
testing515.jpg,Intermediate,Intermediate,0.9986695,0.9986695,0.00013833545,0.0011922112
testing516.jpg,Intermediate,Intermediate,0.99950266,0.99950266,5.829847e-05,0.00043908504
testing517.jpg,Intermediate,Intermediate,0.9988519,0.9988519,0.00012829939,0.0010198762
testing518.jpg,Intermediate,Intermediate,0.99868613,0.99868613,0.00014220503,0.0011717345
testing519.jpg,Intermediate,Intermediate,0.9984011,0.9984011,0.00016860818,0.0014303044
testing520.jpg,Intermediate,Intermediate,0.99824023,0.99824023,0.00020148567,0.0015583534
testing521.jpg,Intermediate,Intermediate,0.99490756,0.99490756,0.0016575775,0.0034348343
testing522.jpg,Intermediate,Intermediate,0.9980262,0.9980262,0.0001962242,0.0017776238
testing523.jpg,Intermediate,Intermediate,0.99185395,0.99185395,0.0007756149,0.0073703397
testing524.jpg,Intermediate,Intermediate,0.9994054,0.9994054,7.179756e-05,0.00052277267
testing525.jpg,Intermediate,Intermediate,0.9913509,0.9913509,0.0031420959,0.0055070007
testing526.jpg,Intermediate,Intermediate,0.99888784,0.99888784,0.00013180415,0.0009803899
testing527.jpg,Intermediate,Intermediate,0.99323153,0.99323153,0.00044013347,0.0063284
testing528.jpg,Intermediate,Intermediate,0.9974401,0.9974401,0.00025595658,0.0023038322
testing529.jpg,Intermediate,Intermediate,0.99900144,0.99900144,0.00012684856,0.00087168737
testing530.jpg,Intermediate,Intermediate,0.99921024,0.99921024,9.7144446e-05,0.00069249514
testing531.jpg,Intermediate,Intermediate,0.9987149,0.9987149,0.00011764134,0.0011674372
testing532.jpg,Intermediate,Outside,0.9689688,0.028790189,0.0022410504,0.9689688
testing533.jpg,Intermediate,Intermediate,0.99794585,0.99794585,0.0002278168,0.0018263309
testing534.jpg,Intermediate,Intermediate,0.9988299,0.9988299,0.0001309582,0.0010391637
testing535.jpg,Intermediate,Intermediate,0.999323,0.999323,7.6259086e-05,0.00060079293
testing536.jpg,Intermediate,Intermediate,0.99801254,0.99801254,0.00019542,0.0017919342
testing537.jpg,Intermediate,Intermediate,0.9982735,0.9982735,0.00018743562,0.0015390733
testing538.jpg,Intermediate,Intermediate,0.9992392,0.9992392,9.334554e-05,0.00066739717
testing539.jpg,Intermediate,Intermediate,0.8863737,0.8863737,0.09039584,0.023230389
testing540.jpg,Intermediate,Intermediate,0.99741143,0.99741143,0.0002726728,0.002315897
testing541.jpg,Intermediate,Intermediate,0.99697673,0.99697673,0.0006754134,0.002347901
testing542.jpg,Intermediate,Intermediate,0.9983367,0.9983367,0.00016818124,0.0014950819
testing543.jpg,Intermediate,Intermediate,0.99807715,0.99807715,0.0001934229,0.0017294082
testing544.jpg,Intermediate,Intermediate,0.99890697,0.99890697,0.00014434691,0.0009487162
testing545.jpg,Intermediate,Intermediate,0.99894196,0.99894196,0.000120682955,0.00093744183
testing546.jpg,Intermediate,Intermediate,0.9627369,0.9627369,0.0015897503,0.035673317
testing547.jpg,Intermediate,Intermediate,0.99842024,0.99842024,0.0001583843,0.001421341
testing548.jpg,Intermediate,Intermediate,0.99812657,0.99812657,0.00016071802,0.0017126505
testing549.jpg,Intermediate,Intermediate,0.998574,0.998574,0.00013287876,0.0012931715
testing550.jpg,Intermediate,Intermediate,0.9977908,0.9977908,0.00020896198,0.0020002103
testing551.jpg,Intermediate,Intermediate,0.997684,0.997684,0.00031629042,0.001999737
testing552.jpg,Intermediate,Intermediate,0.9984554,0.9984554,0.00014550608,0.001399161
testing553.jpg,Intermediate,Intermediate,0.99944156,0.99944156,5.7133584e-05,0.00050118717
testing554.jpg,Intermediate,Intermediate,0.99850816,0.99850816,0.00016512867,0.0013267817
testing555.jpg,Intermediate,Intermediate,0.99949396,0.99949396,6.083451e-05,0.0004451833
testing556.jpg,Intermediate,Intermediate,0.9986928,0.9986928,0.00015909692,0.0011480947
testing557.jpg,Intermediate,Intermediate,0.99919873,0.99919873,0.00010078338,0.0007005354
testing558.jpg,Intermediate,Intermediate,0.99894506,0.99894506,0.00012638643,0.0009286347
testing559.jpg,Intermediate,Intermediate,0.9946902,0.9946902,0.0026468174,0.0026630026
testing560.jpg,Intermediate,Intermediate,0.99799854,0.99799854,0.00017637362,0.0018250728
testing561.jpg,Intermediate,Intermediate,0.9992495,0.9992495,9.243777e-05,0.00065805216
testing562.jpg,Intermediate,Intermediate,0.9981888,0.9981888,0.00017637847,0.0016348903
testing563.jpg,Intermediate,Intermediate,0.99800116,0.99800116,0.00024118194,0.0017576725
testing564.jpg,Intermediate,Intermediate,0.99800605,0.99800605,0.00020637219,0.0017875736
testing565.jpg,Intermediate,Intermediate,0.99801517,0.99801517,0.00026851695,0.0017163433
testing566.jpg,Intermediate,Intermediate,0.99842787,0.99842787,0.00018007214,0.0013920974
testing567.jpg,Intermediate,Intermediate,0.9993309,0.9993309,7.8924306e-05,0.0005901426
testing568.jpg,Intermediate,Intermediate,0.99877435,0.99877435,0.00015645665,0.0010691377
testing569.jpg,Intermediate,Intermediate,0.99525356,0.99525356,0.0021622446,0.0025841733
testing570.jpg,Intermediate,Intermediate,0.998743,0.998743,0.00013767138,0.0011193547
testing571.jpg,Intermediate,Intermediate,0.9982711,0.9982711,0.00022549763,0.0015034026
testing572.jpg,Intermediate,Intermediate,0.9978732,0.9978732,0.0002523525,0.0018745405
testing573.jpg,Intermediate,Intermediate,0.99749124,0.99749124,0.00046162689,0.0020471883
testing574.jpg,Intermediate,Intermediate,0.99503374,0.99503374,0.00078463124,0.0041816025
testing575.jpg,Intermediate,Intermediate,0.9981989,0.9981989,0.0001830402,0.0016181212
testing576.jpg,Intermediate,Intermediate,0.9991412,0.9991412,8.930562e-05,0.0007694692
testing577.jpg,Intermediate,Intermediate,0.99861264,0.99861264,0.00013206273,0.00125529
testing578.jpg,Intermediate,Intermediate,0.9962664,0.9962664,0.00069203577,0.003041514
testing579.jpg,Intermediate,Intermediate,0.99963,0.99963,4.721868e-05,0.0003227759
testing580.jpg,Intermediate,Intermediate,0.99945563,0.99945563,6.6694636e-05,0.00047759496
testing581.jpg,Intermediate,Intermediate,0.99887437,0.99887437,0.00013338859,0.0009923035
testing582.jpg,Intermediate,Intermediate,0.99753225,0.99753225,0.00021428557,0.0022533943
testing583.jpg,Intermediate,Intermediate,0.998346,0.998346,0.00015952549,0.001494567
testing584.jpg,Intermediate,Intermediate,0.9983656,0.9983656,0.00017608631,0.0014582686
testing585.jpg,Intermediate,Intermediate,0.9989907,0.9989907,8.7878485e-05,0.0009213852
testing586.jpg,Intermediate,Intermediate,0.99904245,0.99904245,9.423708e-05,0.00086332206
testing587.jpg,Intermediate,Intermediate,0.996566,0.996566,0.00082282186,0.0026111896
testing588.jpg,Intermediate,Intermediate,0.999438,0.999438,7.870681e-05,0.0004832148
testing589.jpg,Intermediate,Intermediate,0.99771726,0.99771726,0.00022291575,0.0020598357
testing590.jpg,Intermediate,Intermediate,0.9966731,0.9966731,0.00089083274,0.0024360158
testing591.jpg,Intermediate,Intermediate,0.9992424,0.9992424,8.9304864e-05,0.0006682706
testing592.jpg,Intermediate,Intermediate,0.99913836,0.99913836,9.7953845e-05,0.0007636682
testing593.jpg,Intermediate,Intermediate,0.9984419,0.9984419,0.00013203875,0.0014261832
testing594.jpg,Intermediate,Intermediate,0.9978885,0.9978885,0.00020352303,0.0019079257
testing595.jpg,Intermediate,Intermediate,0.99820757,0.99820757,0.00016981442,0.0016225994
testing596.jpg,Intermediate,Intermediate,0.9981766,0.9981766,0.0002361484,0.0015872604
testing597.jpg,Intermediate,Intermediate,0.9994733,0.9994733,6.302937e-05,0.000463736
testing598.jpg,Intermediate,Intermediate,0.9995777,0.9995777,5.4132823e-05,0.00036825362
testing599.jpg,Intermediate,Intermediate,0.997881,0.997881,0.000410474,0.0017084792
testing600.jpg,Intermediate,Intermediate,0.9961932,0.9961932,0.00036474792,0.0034421405
testing601.jpg,Outside,Outside,0.99572396,0.0037686003,0.00050747325,0.99572396
testing602.jpg,Outside,Outside,0.9977769,0.0017073238,0.0005157781,0.9977769
testing603.jpg,Outside,Outside,0.9985551,0.0011729996,0.00027190975,0.9985551
testing604.jpg,Outside,Outside,0.9972957,0.0020806377,0.0006236261,0.9972957
testing605.jpg,Outside,Outside,0.99841964,0.0013108003,0.00026961236,0.99841964
testing606.jpg,Outside,Outside,0.99821115,0.001372901,0.00041596944,0.99821115
testing607.jpg,Outside,Outside,0.99796045,0.001510097,0.00052940525,0.99796045
testing608.jpg,Outside,Outside,0.99812967,0.001519094,0.0003512515,0.99812967
testing609.jpg,Outside,Outside,0.9980394,0.0013775548,0.000583101,0.9980394
testing610.jpg,Outside,Outside,0.99814284,0.0013935077,0.00046362847,0.99814284
testing611.jpg,Outside,Outside,0.998307,0.0012739239,0.00041912988,0.998307
testing612.jpg,Outside,Outside,0.9975515,0.0017110094,0.0007375495,0.9975515
testing613.jpg,Outside,Outside,0.9976827,0.0018108769,0.00050641043,0.9976827
testing614.jpg,Outside,Outside,0.99789447,0.0016063935,0.00049917516,0.99789447
testing615.jpg,Outside,Outside,0.99818254,0.0014470952,0.0003703763,0.99818254
testing616.jpg,Outside,Outside,0.99820924,0.0013571597,0.00043362626,0.99820924
testing617.jpg,Outside,Outside,0.99766564,0.001883536,0.00045081213,0.99766564
testing618.jpg,Outside,Outside,0.99829894,0.0013261387,0.00037489925,0.99829894
testing619.jpg,Outside,Outside,0.9979505,0.0016327006,0.00041684177,0.9979505
testing620.jpg,Outside,Outside,0.9977985,0.0017034104,0.00049807254,0.9977985
testing621.jpg,Outside,Outside,0.99837947,0.0013402753,0.00028026852,0.99837947
testing622.jpg,Outside,Outside,0.9976708,0.0017512614,0.0005778534,0.9976708
testing623.jpg,Outside,Outside,0.9980447,0.0014992502,0.00045597044,0.9980447
testing624.jpg,Outside,Outside,0.9981335,0.0015043262,0.00036218978,0.9981335
testing625.jpg,Outside,Outside,0.99761426,0.0019503738,0.0004354197,0.99761426
testing626.jpg,Outside,Outside,0.9981627,0.0013893454,0.00044803112,0.9981627
testing627.jpg,Outside,Outside,0.99881905,0.0009419343,0.00023899486,0.99881905
testing628.jpg,Outside,Outside,0.9977628,0.0016602415,0.0005769579,0.9977628
testing629.jpg,Outside,Outside,0.9988416,0.00093552045,0.00022289727,0.9988416
testing630.jpg,Outside,Outside,0.9981627,0.0014842044,0.00035308144,0.9981627
testing631.jpg,Outside,Outside,0.9979371,0.0016390342,0.0004238628,0.9979371
testing632.jpg,Outside,Outside,0.9975431,0.0017841682,0.00067276286,0.9975431
testing633.jpg,Outside,Outside,0.99860865,0.0011469052,0.00024447544,0.99860865
testing634.jpg,Outside,Outside,0.9982815,0.001377719,0.00034087454,0.9982815
testing635.jpg,Outside,Outside,0.9986082,0.0011808273,0.00021100692,0.9986082
testing636.jpg,Outside,Outside,0.9979242,0.0016142031,0.0004616018,0.9979242
testing637.jpg,Outside,Outside,0.9981041,0.0014178229,0.00047809494,0.9981041
testing638.jpg,Outside,Outside,0.99844664,0.001276215,0.00027711384,0.99844664
testing639.jpg,Outside,Outside,0.99754757,0.0018959494,0.000556443,0.99754757
testing640.jpg,Outside,Outside,0.997999,0.0015271371,0.00047387453,0.997999
testing641.jpg,Outside,Outside,0.998014,0.0014891253,0.00049686956,0.998014
testing642.jpg,Outside,Outside,0.9983329,0.0012326183,0.0004344263,0.9983329
testing643.jpg,Outside,Outside,0.9982014,0.0013942653,0.0004043174,0.9982014
testing644.jpg,Outside,Outside,0.9978726,0.0016828711,0.00044451942,0.9978726
testing645.jpg,Outside,Outside,0.9978193,0.0015861016,0.00059463445,0.9978193
testing646.jpg,Outside,Outside,0.9982621,0.0013924387,0.00034541893,0.9982621
testing647.jpg,Outside,Outside,0.998198,0.001461222,0.00034079762,0.998198
testing648.jpg,Outside,Outside,0.99720275,0.0022759677,0.00052134256,0.99720275
testing649.jpg,Outside,Outside,0.9980819,0.0013957628,0.00052235136,0.9980819
testing650.jpg,Outside,Outside,0.9979342,0.0016626242,0.0004031947,0.9979342
testing651.jpg,Outside,Outside,0.9979431,0.0016855071,0.0003713702,0.9979431
testing652.jpg,Outside,Outside,0.9984646,0.001167846,0.0003675467,0.9984646
testing653.jpg,Outside,Outside,0.9982406,0.0014115325,0.0003478184,0.9982406
testing654.jpg,Outside,Outside,0.997799,0.0016216716,0.0005793426,0.997799
testing655.jpg,Outside,Outside,0.99810576,0.0014680406,0.00042612245,0.99810576
testing656.jpg,Outside,Outside,0.99768996,0.0018752341,0.00043479726,0.99768996
testing657.jpg,Outside,Outside,0.9982596,0.0013863923,0.0003539758,0.9982596
testing658.jpg,Outside,Outside,0.9979845,0.0016194601,0.000395949,0.9979845
testing659.jpg,Outside,Outside,0.99806005,0.0014601906,0.0004797205,0.99806005
testing660.jpg,Outside,Outside,0.9979715,0.0016337085,0.00039483918,0.9979715
testing661.jpg,Outside,Outside,0.9977023,0.0016203875,0.00067731866,0.9977023
testing662.jpg,Outside,Outside,0.9980519,0.0015791293,0.00036904804,0.9980519
testing663.jpg,Outside,Outside,0.9977836,0.00167452,0.0005419371,0.9977836
testing664.jpg,Outside,Outside,0.99841523,0.0013136386,0.00027110247,0.99841523
testing665.jpg,Outside,Outside,0.9975974,0.0017569194,0.00064571627,0.9975974
testing666.jpg,Outside,Outside,0.9977502,0.0015426342,0.00070710975,0.9977502
testing667.jpg,Outside,Outside,0.9977968,0.0015831597,0.00062006887,0.9977968
testing668.jpg,Outside,Outside,0.9982204,0.0014064435,0.00037319874,0.9982204
testing669.jpg,Outside,Outside,0.9978745,0.0017116319,0.00041392076,0.9978745
testing670.jpg,Outside,Outside,0.99793977,0.0015565517,0.0005036592,0.99793977
testing671.jpg,Outside,Outside,0.99835384,0.0012235977,0.00042258142,0.99835384
testing672.jpg,Outside,Outside,0.9982681,0.0013337211,0.00039816755,0.9982681
testing673.jpg,Outside,Outside,0.9979206,0.00158204,0.0004973929,0.9979206
testing674.jpg,Outside,Outside,0.99801826,0.0015794752,0.00040230143,0.99801826
testing675.jpg,Outside,Outside,0.998099,0.0014270741,0.00047396086,0.998099
testing676.jpg,Outside,Outside,0.9980381,0.0014655533,0.00049637054,0.9980381
testing677.jpg,Outside,Outside,0.99816316,0.0013395187,0.0004973558,0.99816316
testing678.jpg,Outside,Outside,0.9980306,0.0013871288,0.0005822324,0.9980306
testing679.jpg,Outside,Outside,0.998063,0.0014981377,0.00043881155,0.998063
testing680.jpg,Outside,Outside,0.9981183,0.0015254328,0.00035635612,0.9981183
testing681.jpg,Outside,Outside,0.9980235,0.0016604641,0.0003160998,0.9980235
testing682.jpg,Outside,Outside,0.99847513,0.0012458256,0.00027904552,0.99847513
testing683.jpg,Outside,Outside,0.99839455,0.0012661631,0.0003392256,0.99839455
testing684.jpg,Outside,Outside,0.9979645,0.0014914725,0.00054402556,0.9979645
testing685.jpg,Outside,Outside,0.99829966,0.001295678,0.00040464092,0.99829966
testing686.jpg,Outside,Outside,0.9981375,0.001448803,0.00041370478,0.9981375
testing687.jpg,Outside,Outside,0.99800175,0.0015263907,0.0004718663,0.99800175
testing688.jpg,Outside,Outside,0.9984517,0.0011713629,0.00037693337,0.9984517
testing689.jpg,Outside,Outside,0.9978022,0.0016916078,0.0005061493,0.9978022
testing690.jpg,Outside,Outside,0.9982943,0.0013933124,0.0003124259,0.9982943
testing691.jpg,Outside,Outside,0.9980868,0.0015509444,0.00036228562,0.9980868
testing692.jpg,Outside,Outside,0.99789315,0.0016486048,0.00045829025,0.99789315
testing693.jpg,Outside,Outside,0.9978461,0.0016399624,0.0005138539,0.9978461
testing694.jpg,Outside,Outside,0.9980963,0.0014254856,0.0004782528,0.9980963
testing695.jpg,Outside,Outside,0.998078,0.0014732528,0.0004487769,0.998078
testing696.jpg,Outside,Outside,0.9976457,0.0017111253,0.00064321473,0.9976457
testing697.jpg,Outside,Outside,0.9980884,0.0014798845,0.0004317022,0.9980884
testing698.jpg,Outside,Outside,0.99784184,0.0016290462,0.0005291375,0.99784184
testing699.jpg,Outside,Outside,0.99807477,0.0015394238,0.00038574057,0.99807477
testing700.jpg,Outside,Outside,0.99774593,0.0016991777,0.00055491785,0.99774593
testing701.jpg,Outside,Outside,0.99759954,0.0017236101,0.00067682605,0.99759954
testing702.jpg,Outside,Outside,0.9981818,0.0013510222,0.00046718938,0.9981818
testing703.jpg,Outside,Outside,0.9985329,0.0011968957,0.00027025308,0.9985329
testing704.jpg,Outside,Outside,0.9981008,0.0014292975,0.0004698663,0.9981008
testing705.jpg,Outside,Outside,0.997727,0.0016943839,0.00057869614,0.997727
testing706.jpg,Outside,Outside,0.99801826,0.0014724322,0.0005092653,0.99801826
testing707.jpg,Outside,Outside,0.9982212,0.0013834808,0.00039527693,0.9982212
testing708.jpg,Outside,Outside,0.9974788,0.0018138924,0.0007072725,0.9974788
testing709.jpg,Outside,Outside,0.9976941,0.0016350832,0.0006708049,0.9976941
testing710.jpg,Outside,Outside,0.99813807,0.0014159646,0.0004459237,0.99813807
testing711.jpg,Outside,Outside,0.9984079,0.0011693588,0.0004228216,0.9984079
testing712.jpg,Outside,Outside,0.9982571,0.0013623934,0.00038053148,0.9982571
testing713.jpg,Outside,Outside,0.99814296,0.001417036,0.0004400356,0.99814296
testing714.jpg,Outside,Outside,0.9973354,0.001942037,0.00072261615,0.9973354
testing715.jpg,Outside,Outside,0.9983134,0.0013901637,0.00029644705,0.9983134
testing716.jpg,Outside,Outside,0.99808705,0.0014856602,0.0004273661,0.99808705
testing717.jpg,Outside,Outside,0.99813926,0.0013685955,0.00049210555,0.99813926
testing718.jpg,Outside,Outside,0.9980738,0.0015641062,0.0003620975,0.9980738
testing719.jpg,Outside,Outside,0.99819934,0.0013924101,0.00040825512,0.99819934
testing720.jpg,Outside,Outside,0.99833053,0.0012738337,0.00039565834,0.99833053
testing721.jpg,Outside,Outside,0.99858785,0.0010822787,0.00032987527,0.99858785
testing722.jpg,Outside,Outside,0.99833053,0.0012815828,0.00038791477,0.99833053
testing723.jpg,Outside,Outside,0.99770135,0.0018679622,0.00043068003,0.99770135
testing724.jpg,Outside,Outside,0.9971444,0.0021693907,0.00068618363,0.9971444
testing725.jpg,Outside,Outside,0.99778265,0.0017904805,0.00042688427,0.99778265
testing726.jpg,Outside,Outside,0.9980381,0.0015288166,0.00043304882,0.9980381
testing727.jpg,Outside,Outside,0.9977775,0.0016911394,0.000531295,0.9977775
testing728.jpg,Outside,Outside,0.9989807,0.00083618425,0.00018306656,0.9989807
testing729.jpg,Outside,Outside,0.9979663,0.0014418244,0.0005919084,0.9979663
testing730.jpg,Outside,Outside,0.9978961,0.0016698877,0.0004340518,0.9978961
testing731.jpg,Outside,Outside,0.9982663,0.0013656977,0.0003680285,0.9982663
testing732.jpg,Outside,Outside,0.99790573,0.0015932661,0.00050102273,0.99790573
testing733.jpg,Outside,Outside,0.99850154,0.0012041114,0.00029436414,0.99850154
testing734.jpg,Outside,Outside,0.9977494,0.001640371,0.0006102212,0.9977494
testing735.jpg,Outside,Outside,0.9977186,0.0017817424,0.0004996829,0.9977186
testing736.jpg,Outside,Outside,0.99775714,0.0016593172,0.00058362534,0.99775714
testing737.jpg,Outside,Outside,0.99797934,0.0016568868,0.00036377698,0.99797934
testing738.jpg,Outside,Outside,0.99843043,0.0012637259,0.00030576249,0.99843043
testing739.jpg,Outside,Outside,0.99843806,0.0012000462,0.00036192787,0.99843806
testing740.jpg,Outside,Outside,0.9978325,0.001732586,0.00043495247,0.9978325
testing741.jpg,Outside,Outside,0.9981699,0.0014455831,0.0003844566,0.9981699
testing742.jpg,Outside,Outside,0.998271,0.0014007934,0.00032817468,0.998271
testing743.jpg,Outside,Outside,0.9978485,0.0016827696,0.00046876658,0.9978485
testing744.jpg,Outside,Outside,0.9982242,0.0014336553,0.00034215138,0.9982242
testing745.jpg,Outside,Outside,0.99797994,0.0015893301,0.00043077403,0.99797994
testing746.jpg,Outside,Outside,0.99817073,0.0014562027,0.00037306864,0.99817073
testing747.jpg,Outside,Outside,0.99792755,0.0016544105,0.00041803645,0.99792755
testing748.jpg,Outside,Outside,0.99797875,0.0014739902,0.0005472638,0.99797875
testing749.jpg,Outside,Outside,0.99853396,0.0011596581,0.0003063707,0.99853396
testing750.jpg,Outside,Outside,0.99835134,0.0013435188,0.00030518125,0.99835134
testing751.jpg,Outside,Outside,0.99811566,0.0016261251,0.00025820502,0.99811566
testing752.jpg,Outside,Outside,0.9981402,0.0014147878,0.00044498625,0.9981402
testing753.jpg,Outside,Outside,0.99845934,0.0012474315,0.0002932503,0.99845934
testing754.jpg,Outside,Outside,0.9979863,0.001525849,0.0004878069,0.9979863
testing755.jpg,Outside,Outside,0.998314,0.0013606434,0.00032534645,0.998314
testing756.jpg,Outside,Outside,0.99784124,0.0015945,0.0005642994,0.99784124
testing757.jpg,Outside,Outside,0.99814236,0.001421598,0.00043598496,0.99814236
testing758.jpg,Outside,Outside,0.9982169,0.0014899581,0.00029304466,0.9982169
testing759.jpg,Outside,Outside,0.9972262,0.0018895793,0.0008842365,0.9972262
testing760.jpg,Outside,Outside,0.997769,0.00174548,0.00048550428,0.997769
testing761.jpg,Outside,Outside,0.9975948,0.0018413346,0.0005638333,0.9975948
testing762.jpg,Outside,Outside,0.99766684,0.0017903929,0.0005427964,0.99766684
testing763.jpg,Outside,Outside,0.9982262,0.0013953855,0.00037842366,0.9982262
testing764.jpg,Outside,Outside,0.9981021,0.0014404304,0.00045744298,0.9981021
testing765.jpg,Outside,Outside,0.9980907,0.0014994357,0.0004098252,0.9980907
testing766.jpg,Outside,Outside,0.9980439,0.0015503195,0.0004057501,0.9980439
testing767.jpg,Outside,Outside,0.9978192,0.0017470393,0.00043377854,0.9978192
testing768.jpg,Outside,Outside,0.99830097,0.0013051645,0.00039388335,0.99830097
testing769.jpg,Outside,Outside,0.9985612,0.0011533262,0.00028542854,0.9985612
testing770.jpg,Outside,Outside,0.99849284,0.0011645948,0.00034255467,0.99849284
testing771.jpg,Outside,Outside,0.9982495,0.0014056183,0.00034493906,0.9982495
testing772.jpg,Outside,Outside,0.9979797,0.0014719239,0.00054845633,0.9979797
testing773.jpg,Outside,Outside,0.9982343,0.0014158904,0.0003498722,0.9982343
testing774.jpg,Outside,Outside,0.9980564,0.0015774822,0.00036612293,0.9980564
testing775.jpg,Outside,Outside,0.99800223,0.0015860369,0.00041178404,0.99800223
testing776.jpg,Outside,Outside,0.9977852,0.0017409342,0.00047377843,0.9977852
testing777.jpg,Outside,Outside,0.9972855,0.0021803884,0.0005340877,0.9972855
testing778.jpg,Outside,Outside,0.99828666,0.0012668729,0.00044646396,0.99828666
testing779.jpg,Outside,Outside,0.9980368,0.0015509503,0.00041224787,0.9980368
testing780.jpg,Outside,Outside,0.99791473,0.0015014263,0.0005837977,0.99791473
testing781.jpg,Outside,Outside,0.99815995,0.0014553496,0.00038472126,0.99815995
testing782.jpg,Outside,Outside,0.9980849,0.0015254939,0.00038964069,0.9980849
testing783.jpg,Outside,Outside,0.9979558,0.0014581428,0.00058599544,0.9979558
testing784.jpg,Outside,Outside,0.9983565,0.0012528043,0.00039069532,0.9983565
testing785.jpg,Outside,Outside,0.9984205,0.0012632891,0.00031626652,0.9984205
testing786.jpg,Outside,Outside,0.9978948,0.0016307912,0.0004743753,0.9978948
testing787.jpg,Outside,Outside,0.99818003,0.001440624,0.00037940347,0.99818003
testing788.jpg,Outside,Outside,0.9980124,0.0015645268,0.00042304792,0.9980124
testing789.jpg,Outside,Outside,0.99804807,0.0015538103,0.00039815306,0.99804807
testing790.jpg,Outside,Outside,0.9983582,0.001291121,0.0003506457,0.9983582
testing791.jpg,Outside,Outside,0.9979563,0.0015135943,0.0005300998,0.9979563
testing792.jpg,Outside,Outside,0.99744177,0.0021096074,0.00044865833,0.99744177
testing793.jpg,Outside,Outside,0.99849,0.001152802,0.00035721375,0.99849
testing794.jpg,Outside,Outside,0.99841523,0.0012399133,0.00034489005,0.99841523
testing795.jpg,Outside,Outside,0.9980489,0.0015515203,0.00039961014,0.9980489
testing796.jpg,Outside,Outside,0.9982572,0.0014409333,0.00030181778,0.9982572
testing797.jpg,Outside,Outside,0.9982327,0.0013327703,0.00043449667,0.9982327
testing798.jpg,Outside,Outside,0.99757,0.0018558992,0.00057414616,0.99757
testing799.jpg,Outside,Outside,0.9980714,0.0014062524,0.000522426,0.9980714
testing800.jpg,Outside,Outside,0.99771285,0.0019268013,0.0003602972,0.99771285
testing801.jpg,Outside,Outside,0.9978909,0.001641895,0.00046720583,0.9978909
testing802.jpg,Outside,Outside,0.99816173,0.0014949347,0.00034329435,0.99816173
testing803.jpg,Outside,Outside,0.9981919,0.0014656772,0.00034241079,0.9981919
testing804.jpg,Outside,Outside,0.9981693,0.0015068514,0.0003238624,0.9981693
testing805.jpg,Outside,Outside,0.9979341,0.0016377716,0.00042809514,0.9979341
testing806.jpg,Outside,Outside,0.9975193,0.0019921127,0.00048849673,0.9975193
testing807.jpg,Outside,Outside,0.9982401,0.0014602626,0.00029967813,0.9982401
testing808.jpg,Outside,Outside,0.998336,0.0013254129,0.00033858904,0.998336
testing809.jpg,Outside,Outside,0.997549,0.0018132617,0.0006376825,0.997549
testing810.jpg,Outside,Outside,0.99834394,0.0012662233,0.00038978603,0.99834394
testing811.jpg,Outside,Outside,0.9981256,0.0014778177,0.00039654918,0.9981256
testing812.jpg,Outside,Outside,0.9980889,0.0014790994,0.00043201234,0.9980889
testing813.jpg,Outside,Outside,0.9985469,0.0011927467,0.000260318,0.9985469
testing814.jpg,Outside,Outside,0.9977679,0.0016204152,0.00061166665,0.9977679
testing815.jpg,Outside,Outside,0.9986738,0.0010677101,0.00025849705,0.9986738
testing816.jpg,Outside,Outside,0.99804723,0.0014942937,0.00045848693,0.99804723
testing817.jpg,Outside,Outside,0.9979134,0.0016954676,0.00039105932,0.9979134
testing818.jpg,Outside,Outside,0.99795973,0.0016385684,0.00040171045,0.99795973
testing819.jpg,Outside,Outside,0.9982297,0.0013326671,0.00043767603,0.9982297
testing820.jpg,Outside,Outside,0.99729294,0.0020945035,0.00061254355,0.99729294
testing821.jpg,Outside,Outside,0.99812764,0.0014972542,0.00037505355,0.99812764
testing822.jpg,Outside,Outside,0.99759173,0.0017152044,0.0006930955,0.99759173
testing823.jpg,Outside,Outside,0.99789387,0.001528546,0.0005776583,0.99789387
testing824.jpg,Outside,Outside,0.9985953,0.0011266556,0.00027808442,0.9985953
testing825.jpg,Outside,Outside,0.99747306,0.0020576296,0.00046927133,0.99747306
testing826.jpg,Outside,Outside,0.9980596,0.0015788968,0.00036147682,0.9980596
testing827.jpg,Outside,Outside,0.9976114,0.0018062152,0.00058239565,0.9976114
testing828.jpg,Outside,Outside,0.99796826,0.0015820552,0.0004496945,0.99796826
testing829.jpg,Outside,Outside,0.9980102,0.0014222898,0.00056757766,0.9980102
testing830.jpg,Outside,Outside,0.9982797,0.0013230284,0.0003973039,0.9982797
testing831.jpg,Outside,Outside,0.99853265,0.0011395556,0.00032784021,0.99853265
testing832.jpg,Outside,Outside,0.9981109,0.0015187534,0.00037032715,0.9981109
testing833.jpg,Outside,Outside,0.9977308,0.0016509993,0.0006182777,0.9977308
testing834.jpg,Outside,Outside,0.99854624,0.001152911,0.00030082505,0.99854624
testing835.jpg,Outside,Outside,0.9980981,0.0014851143,0.00041687957,0.9980981
testing836.jpg,Outside,Outside,0.99798524,0.001531133,0.00048355095,0.99798524
testing837.jpg,Outside,Outside,0.99836737,0.0012895471,0.0003430983,0.99836737
testing838.jpg,Outside,Outside,0.9982167,0.0012822723,0.0005010685,0.9982167
testing839.jpg,Outside,Outside,0.99826485,0.0013399975,0.00039523386,0.99826485
testing840.jpg,Outside,Outside,0.99788874,0.0015593134,0.00055199163,0.99788874
testing841.jpg,Outside,Outside,0.9984212,0.0012661275,0.0003126406,0.9984212
testing842.jpg,Outside,Outside,0.9980621,0.0015245479,0.00041335827,0.9980621
testing843.jpg,Outside,Outside,0.99795437,0.0015170857,0.0005284697,0.99795437
testing844.jpg,Outside,Outside,0.9975343,0.0019784537,0.00048721617,0.9975343
testing845.jpg,Outside,Outside,0.9985505,0.0010818626,0.00036769806,0.9985505
testing846.jpg,Outside,Outside,0.9985726,0.001122221,0.00030515576,0.9985726
testing847.jpg,Outside,Outside,0.9982048,0.0014176104,0.00037754432,0.9982048
testing848.jpg,Outside,Outside,0.99804306,0.0015385111,0.00041837082,0.99804306
testing849.jpg,Outside,Outside,0.9981615,0.0014438231,0.00039464422,0.9981615
testing850.jpg,Outside,Outside,0.9980325,0.0016395531,0.00032791516,0.9980325
testing851.jpg,Outside,Outside,0.99805534,0.0015239838,0.0004206584,0.99805534
testing852.jpg,Outside,Outside,0.9979261,0.0016509548,0.0004228768,0.9979261
testing853.jpg,Outside,Outside,0.99872416,0.0010354628,0.00024033962,0.99872416
testing854.jpg,Outside,Outside,0.9984616,0.0012030171,0.00033543148,0.9984616
testing855.jpg,Outside,Outside,0.9981718,0.0013775091,0.00045061545,0.9981718
testing856.jpg,Outside,Outside,0.99852693,0.0012076208,0.000265367,0.99852693
testing857.jpg,Outside,Outside,0.99832267,0.0012568365,0.00042046985,0.99832267
testing858.jpg,Outside,Outside,0.9982488,0.0013611229,0.00039010475,0.9982488
testing859.jpg,Outside,Outside,0.9979988,0.0016190786,0.00038214223,0.9979988
testing860.jpg,Outside,Outside,0.9981116,0.0015318306,0.0003565186,0.9981116
testing861.jpg,Outside,Outside,0.9982645,0.0013033729,0.0004322122,0.9982645
testing862.jpg,Outside,Outside,0.9986457,0.0010642234,0.00029012302,0.9986457
testing863.jpg,Outside,Outside,0.9979589,0.0015241825,0.0005169456,0.9979589
testing864.jpg,Outside,Outside,0.99812657,0.0014262032,0.00044721618,0.99812657
testing865.jpg,Outside,Outside,0.99781275,0.0015869121,0.0006003697,0.99781275
testing866.jpg,Outside,Outside,0.99815935,0.0014764357,0.0003642227,0.99815935
testing867.jpg,Outside,Outside,0.9979233,0.0016297898,0.0004469708,0.9979233
testing868.jpg,Outside,Outside,0.9978662,0.0016829576,0.00045089377,0.9978662
testing869.jpg,Outside,Outside,0.9980623,0.0016469347,0.0002908006,0.9980623
testing870.jpg,Outside,Outside,0.99808514,0.001580755,0.00033415866,0.99808514
testing871.jpg,Outside,Outside,0.99780244,0.001671768,0.00052574096,0.99780244
testing872.jpg,Outside,Outside,0.99804485,0.0015278345,0.00042730238,0.99804485
testing873.jpg,Outside,Outside,0.998324,0.00129365,0.0003823293,0.998324
testing874.jpg,Outside,Outside,0.99785054,0.0015232912,0.00062613713,0.99785054
testing875.jpg,Outside,Outside,0.9978294,0.0015652142,0.0006054193,0.9978294
testing876.jpg,Outside,Outside,0.9980677,0.0014494376,0.00048293138,0.9980677
testing877.jpg,Outside,Outside,0.99773324,0.0019027196,0.00036406048,0.99773324
testing878.jpg,Outside,Outside,0.9983493,0.0013129506,0.00033778485,0.9983493
testing879.jpg,Outside,Outside,0.99814796,0.001376962,0.0004751339,0.99814796
testing880.jpg,Outside,Outside,0.9978947,0.0016994188,0.00040588545,0.9978947
testing881.jpg,Outside,Outside,0.99810237,0.0015069033,0.00039072626,0.99810237
testing882.jpg,Outside,Outside,0.9982951,0.0014030114,0.0003018655,0.9982951
testing883.jpg,Outside,Outside,0.997855,0.001638602,0.0005064098,0.997855
testing884.jpg,Outside,Outside,0.9982761,0.0013226125,0.00040129243,0.9982761
testing885.jpg,Outside,Outside,0.99839693,0.0012317274,0.00037133915,0.99839693
testing886.jpg,Outside,Outside,0.99770594,0.0017574776,0.00053656066,0.99770594
testing887.jpg,Outside,Outside,0.998033,0.0014930167,0.00047402177,0.998033
testing888.jpg,Outside,Outside,0.9980599,0.0015607288,0.00037927608,0.9980599
testing889.jpg,Outside,Outside,0.99808335,0.0014409579,0.0004757304,0.99808335
testing890.jpg,Outside,Outside,0.9977816,0.0017421121,0.00047638232,0.9977816
testing891.jpg,Outside,Outside,0.9973525,0.0018219372,0.0008255869,0.9973525
testing892.jpg,Outside,Outside,0.9986211,0.0011499599,0.0002288787,0.9986211
testing893.jpg,Outside,Outside,0.99810815,0.0015127509,0.0003790547,0.99810815
testing894.jpg,Outside,Outside,0.99788994,0.0017189845,0.0003910434,0.99788994
testing895.jpg,Outside,Outside,0.9980111,0.0014827753,0.0005061145,0.9980111
testing896.jpg,Outside,Outside,0.99818283,0.0013991438,0.0004180457,0.99818283
testing897.jpg,Outside,Outside,0.9982889,0.0014505568,0.00026051074,0.9982889
testing898.jpg,Outside,Outside,0.9980135,0.0015319445,0.00045453932,0.9980135
testing899.jpg,Outside,Outside,0.99784744,0.0017387331,0.0004138862,0.99784744
testing900.jpg,Outside,Outside,0.998278,0.001337426,0.00038452208,0.998278
