epoch,loss,accuracy,val_loss,val_accuracy
1,0.22239860892295837,0.9416666626930237,0.09539848566055298,0.9683333039283752
2,0.03547956794500351,0.9895833134651184,0.07167978584766388,0.9833333492279053
3,0.023762671276926994,0.9929166436195374,0.047636065632104874,0.9883333444595337
4,0.020766491070389748,0.9945833086967468,0.05500885099172592,0.9900000095367432
5,0.017403392121195793,0.9941666722297668,0.04780462011694908,0.9833333492279053
6,0.01581697165966034,0.9958333373069763,0.06518132239580154,0.9866666793823242
7,0.02258114516735077,0.9937499761581421,0.05520481616258621,0.9833333492279053
8,0.017710302025079727,0.9937499761581421,0.039390578866004944,0.9900000095367432
9,0.0182256530970335,0.9945833086967468,0.03889722004532814,0.9916666746139526
10,0.014459260739386082,0.9962499737739563,0.04991067573428154,0.9900000095367432
11,0.01859067566692829,0.9937499761581421,0.04444309324026108,0.9850000143051147
12,0.016876839101314545,0.9945833086967468,0.04881086200475693,0.9833333492279053
13,0.017069486901164055,0.9937499761581421,0.04989022761583328,0.9900000095367432
14,0.016810718923807144,0.9954166412353516,0.04526941478252411,0.9900000095367432
15,0.015714973211288452,0.9945833086967468,0.0835985615849495,0.9816666841506958
16,0.01805661804974079,0.9941666722297668,0.0450337715446949,0.9916666746139526
17,0.015219063498079777,0.9954166412353516,0.03778793290257454,0.9900000095367432
18,0.013409547507762909,0.9958333373069763,0.044471196830272675,0.9883333444595337
19,0.01350861694663763,0.9941666722297668,0.04958873242139816,0.9900000095367432
20,0.012386703863739967,0.9958333373069763,0.041703905910253525,0.9900000095367432
21,0.015012109652161598,0.9954166412353516,0.03536194935441017,0.9916666746139526
22,0.012562421150505543,0.996666669845581,0.036880768835544586,0.9900000095367432
23,0.011529936455190182,0.997083306312561,0.03802478313446045,0.9916666746139526
24,0.013504176400601864,0.9975000023841858,0.04280669987201691,0.9900000095367432
25,0.00950722023844719,0.9983333349227905,0.04321112111210823,0.9916666746139526
26,0.009868813678622246,0.9975000023841858,0.04837087169289589,0.9900000095367432
27,0.008276205509901047,0.9983333349227905,0.0507022961974144,0.9916666746139526
28,0.006870484445244074,0.9983333349227905,0.04251035675406456,0.9916666746139526
29,0.008090639486908913,0.997083306312561,0.03853809833526611,0.9900000095367432
30,0.0051369029097259045,0.9987499713897705,0.05382908508181572,0.9916666746139526
31,0.005245451349765062,0.9983333349227905,0.046791110187768936,0.9916666746139526
32,0.003439097898080945,0.9991666674613953,0.05542529374361038,0.9900000095367432
33,0.0033587657380849123,0.9987499713897705,0.05871224030852318,0.9900000095367432
34,0.00650249095633626,0.9979166388511658,0.04349324107170105,0.9900000095367432
35,0.003340607974678278,0.9991666674613953,0.04954933002591133,0.9883333444595337
36,0.0019990482833236456,0.9995833039283752,0.04940585792064667,0.9900000095367432
37,0.00194097263738513,0.9991666674613953,0.06023683026432991,0.9900000095367432
38,0.0007161743124015629,0.9995833039283752,0.059519633650779724,0.9883333444595337
39,0.0002472410851623863,1.0,0.07018359750509262,0.9900000095367432
40,0.00016323424642905593,1.0,0.07200588285923004,0.9900000095367432
41,7.260630809469149e-05,1.0,0.07659506797790527,0.9900000095367432
42,5.7307704992126673e-05,1.0,0.07955265045166016,0.9900000095367432
43,4.6027733333176e-05,1.0,0.08429095149040222,0.9900000095367432
44,3.274347182014026e-05,1.0,0.08575297147035599,0.9900000095367432
45,3.378839392098598e-05,1.0,0.08734171837568283,0.9900000095367432
46,2.6999314286513254e-05,1.0,0.08761506527662277,0.9900000095367432
47,1.7527536328998394e-05,1.0,0.08965602517127991,0.9900000095367432
48,1.5288831491488963e-05,1.0,0.09091664105653763,0.9900000095367432
49,1.3891914932173677e-05,1.0,0.09238000214099884,0.9900000095367432
50,1.1941808224946726e-05,1.0,0.09250929951667786,0.9900000095367432
