source,destination,role,bytes,sha256,project_license,license_note
ScriptsBalancedData/Models Balanced/Models/CNN_CAlbicans_Balanced_Baseline.h5,zenodo/models/balanced/baseline.h5,model,169904128,21c0eefac0444e0995df5411379228b0bd17fd70fb8a4723e7ff7a3b03731d5a,CC-BY-4.0,Project-owned rights only; see LICENSE; attribution details pending
ScriptsBalancedData/Models Balanced/Models/CNN_CAlbicans_Balanced_L1.h5,zenodo/models/balanced/l1.h5,model,169908184,6b0b2a3fbab41c48285058c9f6e03ed9365d8d8d6c7cffb917e96201424a44ca,CC-BY-4.0,Project-owned rights only; see LICENSE; attribution details pending
ScriptsBalancedData/Models Balanced/Models/CNN_CAlbicans_Balanced_L2.h5,zenodo/models/balanced/l2.h5,model,169908184,0cd3568d8a1a7e886a80e4c19d32b0548b027979806a12407da6ab07f65e8927,CC-BY-4.0,Project-owned rights only; see LICENSE; attribution details pending
ScriptsBalancedData/Models Balanced/Models/CNN_CAlbicans_Balanced_L1_L2.h5,zenodo/models/balanced/l1_l2.h5,model,169908376,bc718e2fe177748c5f2daeeb79b2639bf4cd7b38d9fb27a2467319e29feb1723,CC-BY-4.0,Project-owned rights only; see LICENSE; attribution details pending
ScriptsBalancedData/Models Balanced/Models/CNN_CAlbicans_Balanced_Dropout.h5,zenodo/models/balanced/dropout.h5,model,169914728,ff5278ad76e3982bbe15eec36d7c5dc1080a7c34027f55a269411f103139b4d7,CC-BY-4.0,Project-owned rights only; see LICENSE; attribution details pending
ScriptsBalancedData/Models Balanced/Models/CNN_CAlbicans_Balanced_DataAugmentation.h5,zenodo/models/balanced/augmentation.h5,model,169909040,8f17739c8c76d19b2c0988b79d2216819f7b41be7e268e9ef4ea6383fe2e3740,CC-BY-4.0,Project-owned rights only; see LICENSE; attribution details pending
ScriptsBalancedData/Models Balanced/Models/CNN_CAlbicans_Balanced_L2_Dropout_DataAugmentation.h5,zenodo/models/balanced/l2_dropout_augmentation.h5,model,169919416,d9a763ae39882f1ead5fe71917028ba73e5897027b8f64d4a787c96932f1790d,CC-BY-4.0,Project-owned rights only; see LICENSE; attribution details pending
ScriptsImbalancedData/Models Imbalanced/Models/CNN_CAlbicans_Imbalanced_Baseline.h5,zenodo/models/imbalanced/baseline.h5,model,169904128,d8d6187718d7fc56440ca9202033480cb52d370f08bfd9f21e2d8e6c6f1e9054,CC-BY-4.0,Project-owned rights only; see LICENSE; attribution details pending
ScriptsImbalancedData/Models Imbalanced/Models/CNN_CAlbicans_Imbalanced_L2.h5,zenodo/models/imbalanced/l2.h5,model,169908184,7b1a3528d1ac67f76b874b02ee6d2f2fc2f317aba0d5f1e4ae37cb9adeee4022,CC-BY-4.0,Project-owned rights only; see LICENSE; attribution details pending
Biclase IA/Models/CNN_CAlbicans_Binary_L2.h5,zenodo/models/binary/l2.h5,model,169905488,d825b35cdf330d3f400e26c78be1cc414f781084b0a982cee34bafcb68d96dd0,CC-BY-4.0,Project-owned rights only; see LICENSE; attribution details pending
ScriptsVGG de IA/Models/CNN_CAlbicans_VGG16_Frozen.h5,NOT INCLUDED IN PUBLIC ZENODO v1.0.0,benchmark model excluded from public release,213897704,4a932f1eecabbfc10f8f46f8108ed6acec615270c512ced30a6bfe9c0d5b895f,EXCLUDED,Pretrained ImageNet-derived components; redistribution permission not established clearly enough for public redistribution
ScriptsVGG de IA/Models/CNN_CAlbicans_VGG16_FineTuned.h5,NOT INCLUDED IN PUBLIC ZENODO v1.0.0,benchmark model excluded from public release,270541512,90e99ef92b01c7a96f065d0e105878082f1496bf1bb1a5f77c6c0d8634274bd8,EXCLUDED,Pretrained ImageNet-derived components; redistribution permission not established clearly enough for public redistribution
ScriptsVGG de IA/Models/CNN_CAlbicans_VGG16_FineTuned_Stage1_Frozen.h5,NOT INCLUDED IN PUBLIC ZENODO v1.0.0,benchmark model excluded from public release,213897720,932ba0b622fc7fecfa5ff5656aab4fc05c6af1862305d1dfdfdf4613016adbd8,EXCLUDED,Pretrained ImageNet-derived components; redistribution permission not established clearly enough for public redistribution
